code,title
10,WEAPONS
1005,"GUNS, THROUGH 30MM"
1010,"GUNS, OVER 30MM UP TO 75MM"
1015,"GUNS, 75MM THROUGH 125MM"
1020,"GUNS, OVER 125MM THROUGH 150MM"
1025,"GUNS, OVER 150MM THROUGH 200MM"
1030,"GUNS, OVER 200MM THROUGH 300MM"
1035,"GUNS, OVER 300MM"
1040,CHEMICAL WEAPONS AND EQUIPMENT
1045,"LAUNCHERS, TORPEDO AND DEPTH CHARGE"
1055,"LAUNCHERS, ROCKET AND PYROTECHNIC"
1070,"NETS AND BOOMS, ORDNANCE"
1075,DEGAUSSING AND MINE SWEEPING EQUIPMENT
1080,CAMOUFLAGE AND DECEPTION EQUIPMENT
1090,ASSEMBLIES INTERCHANGEABLE BETWEEN WEAPONS IN TWO OR MORE CLASSES
1095,MISCELLANEOUS WEAPONS
11,NUCLEAR ORDNANCE
1105,NUCLEAR BOMBS
1110,NUCLEAR PROJECTILES
1115,NUCLEAR WARHEADS AND WARHEAD SECTIONS
1120,NUCLEAR DEPTH CHARGES
1125,NUCLEAR DEMOLITION CHARGES
1127,NUCLEAR ROCKETS
1130,"CONVERSION KITS, NUCLEAR ORDNANCE"
1135,"FUZING AND FIRING DEVICES, NUCLEAR ORDNANCE"
1140,NUCLEAR COMPONENTS
1145,"EXPLOSIVE AND PYROTECHNIC COMPONENTS, NUCLEAR ORDNANCE"
1190,"SPECIALIZED TEST AND HANDLING EQUIPMENT, NUCLEAR ORDNANCE"
1195,MISCELLANEOUS NUCLEAR ORDNANCE
12,FIRE CONTROL EQPT.
1210,FIRE CONTROL DIRECTORS
1220,FIRE CONTROL COMPUTING SIGHTS AND DEVICES
1230,"FIRE CONTROL SYSTEMS, COMPLETE"
1240,OPTICAL SIGHTING AND RANGING EQUIPMENT
1250,FIRE CONTROL STABILIZING MECHANISMS
1260,FIRE CONTROL DESIGNATING AND INDICATING EQUIPMENT
1265,"FIRE CONTROL TRANSMITTING AND RECEIVING EQUIPMENT, EXCEPT AIRBORNE"
1270,AIRCRAFT GUNNERY FIRE CONTROL COMPONENTS
1280,AIRCRAFT BOMBING FIRE CONTROL COMPONENTS
1285,"FIRE CONTROL RADAR EQUIPMENT, EXCEPT AIRBORNE"
1287,FIRE CONTROL SONAR EQUIPMENT
1290,MISCELLANEOUS FIRE CONTROL EQUIPMENT
13,AMMUNITION AND EXPLOSIVES
1305,"AMMUNITION, THROUGH 30MM"
1310,"AMMUNITION, OVER 30MM UP TO 75MM"
1315,"AMMUNITION, 75MM THROUGH 125MM"
1320,"AMMUNITION, OVER 125MM"
1325,BOMBS
1330,GRENADES
1336,GUIDED MISSILE WARHEADS AND EXPLOSIVE COMPONENTS
1337,"GUIDED MISSILE AND SPACE VEHICLE EXPLOSIVE PROPULSION UNITS, SOLID FUEL; AND COMPONENTS"
1338,"GUIDED MISSILE AND SPACE VEHICLE INERT PROPULSION UNITS, SOLID FUEL; AND COMPONENTS"
1340,"ROCKETS, ROCKET AMMUNITION AND ROCKET COMPONENTS"
1345,LAND MINES
1346,REMOTE MUNITIONS
1350,"UNDERWATER MINE AND COMPONENTS, INERT"
1351,"UNDERWATER MINES AND COMPONENTS, EXPLOSIVE"
1352,UNDERWATER MINE DISPOSAL INERT DEVICES
1353,UNDERWATER MINE DISPOSAL EXPLOSIVE DEVICES
1355,"TORPEDOS AND COMPONENTS, INERT"
1356,"TORPEDOS AND COMPONENTS, EXPLOSIVE"
1360,"DEPTH CHARGES AND COMPONENTS, INERT"
1361,"DEPTH CHARGES AND COMPONENTS, EXPLOSIVE"
1365,MILITARY CHEMICAL AGENTS
1367,"TACTICAL SETS, KITS, AND OUTFITS"
1370,PYROTECHNICS
1375,DEMOLITION MATERIALS
1376,BULK EXPLOSIVES
1377,CARTRIDGE AND PROPELLANT ACTUATED DEVICES AND COMPONENTS
1385,SURFACE USE EXPLOSIVE ORDNANCE DISPOSAL TOOLS AND EQUIPMENT
1386,UNDERWATER USE EXPLOSIVE ORDNANCE DISPOSAL AND SWIMMER WEAPONS SYSTEMS TOOLS AND EQUIPMENT
1390,FUZES AND PRIMERS
1395,MISCELLANEOUS AMMUNITION
1398,SPECIALIZED AMMUNITION HANDLING AND SERVICING EQUIPMENT
14,GUIDED MISSLES
1410,GUIDED MISSILES
1420,GUIDED MISSILE COMPONENTS
1425,"GUIDED MISSILE SYSTEMS, COMPLETE"
1427,GUIDED MISSILE SUBSYSTEMS
1430,GUIDED MISSILE REMOTE CONTROL SYSTEMS
1440,"LAUNCHERS, GUIDED MISSILE"
1450,GUIDED MISSILE HANDLING AND SERVICING EQUIPMENT
15,AEROSPACE CRAFT AND STRUCTURAL COMPONENTS
1510,"AIRCRAFT, FIXED WING"
1520,"AIRCRAFT, ROTARY WING"
1540,GLIDERS
1550,UNMANNED AIRCRAFT
1555,SPACE VEHICLES
1560,AIRFRAME STRUCTURAL COMPONENTS
16,AEROSPACE CRAFT COMPONENTS AND ACCESSORIES
1610,AIRCRAFT PROPELLERS AND COMPONENTS
1615,"HELICOPTER ROTOR BLADES, DRIVE MECHANISMS AND COMPONENTS"
1620,AIRCRAFT LANDING GEAR COMPONENTS
1630,AIRCRAFT WHEEL AND BRAKE SYSTEMS
1640,AIRCRAFT CONTROL CABLE PRODUCTS
1650,"AIRCRAFT HYDRAULIC, VACUUM, AND DE-ICING SYSTEM COMPONENTS"
1660,"AIRCRAFT AIR CONDITIONING, HEATING, AND PRESSURIZING EQUIPMENT"
1670,"PARACHUTES; AERIAL PICK UP, DELIVERY, RECOVERY SYSTEMS; AND CARGO TIE DOWN EQUIPMENT"
1675,SPACE VEHICLE COMPONENTS
1677,SPACE VEHICLE REMOTE CONTROL SYSTEMS
1680,MISCELLANEOUS AIRCRAFT ACCESSORIES AND COMPONENTS
17,"AEROSPACE CRAFT LAUNCHING, LANDING, GROUND HANDLING AND SERVICING EQUIPMENT"
1710,AIRCRAFT LANDING EQUIPMENT
1720,AIRCRAFT LAUNCHING EQUIPMENT
1725,SPACE VEHICLE LAUNCHERS
1730,AIRCRAFT GROUND SERVICING EQUIPMENT
1735,SPACE VEHICLE HANDLING AND SERVICING EQUIPMENT
1740,AIRFIELD SPECIALIZED TRUCKS AND TRAILERS
19,"SHIPS, SMALL CRAFT, PONTOON, DOCKS"
1905,COMBAT SHIPS AND LANDING VESSELS
1910,"TRANSPORT VESSELS, PASSENGER AND TROOP"
1915,CARGO AND TANKER VESSELS
1920,FISHING VESSELS
1925,SPECIAL SERVICE VESSELS
1930,"BARGES AND LIGHTERS, CARGO"
1935,"BARGES AND LIGHTERS, SPECIAL PURPOSE"
1940,SMALL CRAFT
1945,PONTOONS AND FLOATING DOCKS
1950,FLOATING DRYDOCKS
1955,DREDGES
1990,MISCELLANEOUS VESSELS
20,SHIP AND MARINE EQUIPMENT
2010,SHIP AND BOAT PROPULSION COMPONENTS
2020,RIGGING AND RIGGING GEAR
2030,DECK MACHINERY
2040,MARINE HARDWARE AND HULL ITEMS
2050,BUOYS
2060,COMMERCIAL FISHING EQUIPMENT
2090,MISCELLANEOUS SHIP AND MARINE EQUIPMENT
22,RAILWAY EQUIPMENT
2210,LOCOMOTIVES
2220,RAIL CARS
2230,"RIGHT-OF-WAY CONSTRUCTION AND MAINTENANCE EQUIPMENT, RAILROAD"
2240,LOCOMOTIVE AND RAIL CAR ACCESSORIES AND COMPONENTS
2250,"TRACK MATERIAL, RAILROAD"
23,"MOTOR VEHICLES, CYCLES, TRAILERS"
2305,GROUND EFFECT VEHICLES
2310,PASSENGER MOTOR VEHICLES
2320,"TRUCKS AND TRUCK TRACTORS, WHEELED"
2330,TRAILERS
2340,"MOTORCYCLES, MOTOR SCOOTERS, AND BICYCLES"
2350,"COMBAT, ASSAULT, AND TACTICAL VEHICLES, TRACKED"
2355,"COMBAT, ASSAULT, AND TACTICAL VEHICLES, WHEELED"
24,TRACTORS
2410,"TRACTOR, FULL TRACKED, LOW SPEED"
2420,"TRACTORS, WHEELED"
2430,"TRACTORS, FULL TRACKED, HIGH SPEED"
25,VEHICULAR EQUIPMENT COMPONENTS
2510,"VEHICULAR CAB, BODY, AND FRAME STRUCTURAL COMPONENTS"
2520,VEHICULAR POWER TRANSMISSION COMPONENTS
2530,"VEHICULAR BRAKE, STEERING, AXLE, WHEEL, AND TRACK COMPONENTS"
2540,VEHICULAR FURNITURE AND ACCESSORIES
2541,WEAPONS SYSTEMS SPECIFIC VEHICULAR ACCESSORIES
2590,MISCELLANEOUS VEHICULAR COMPONENTS
26,TIRES AND TUBES
2610,"TIRES AND TUBES, PNEUMATIC, EXCEPT AIRCRAFT"
2620,"TIRES AND TUBES, PNEUMATIC, AIRCRAFT"
2630,"TIRES, SOLID AND CUSHION"
2640,TIRE REBUILDING AND TIRE AND TUBE REPAIR MATERIALS
28,ENGINES AND TURBINES AND COMPONENT
2805,"GASOLINE RECIPROCATING ENGINES, EXCEPT AIRCRAFT; AND COMPONENTS"
2810,"GASOLINE RECIPROCATING ENGINES, AIRCRAFT PRIME MOVER; AND COMPONENTS"
2815,DIESEL ENGINES AND COMPONENTS
2820,"STEAM ENGINES, RECIPROCATING; AND COMPONENTS"
2825,STEAM TURBINES AND COMPONENTS
2830,WATER TURBINES AND WATER WHEELS; AND COMPONENTS
2835,"GAS TURBINES AND JET ENGINES; NON-AIRCRAFT PRIME MOVER, AIRCRAFT NON-PRIME MOVER, AND COMPONENTS"
2840,"GAS TURBINES AND JET ENGINES, AIRCRAFT, PRIME MOVING; AND COMPONENTS"
2845,ROCKET ENGINES AND COMPONENTS
2850,GASOLINE ROTARY ENGINES AND COMPONENTS
2895,MISCELLANEOUS ENGINES AND COMPONENTS
29,ENGINE ACCESSORIES
2910,"ENGINE FUEL SYSTEM COMPONENTS, NONAIRCRAFT"
2915,"ENGINE FUEL SYSTEM COMPONENTS, AIRCRAFT AND MISSILE PRIME MOVERS"
2920,"ENGINE ELECTRICAL SYSTEM COMPONENTS, NONAIRCRAFT"
2925,"ENGINE ELECTRICAL SYSTEM COMPONENTS, AIRCRAFT PRIME MOVING"
2930,"ENGINE COOLING SYSTEM COMPONENTS, NONAIRCRAFT"
2935,"ENGINE SYSTEM COOLING COMPONENTS, AIRCRAFT PRIME MOVING"
2940,"ENGINE AIR AND OIL FILTERS, STRAINERS, AND CLEANERS, NONAIRCRAFT"
2945,"ENGINE AIR AND OIL FILTERS, CLEANERS, AIRCRAFT PRIME MOVING"
2950,TURBOSUPERCHARGER AND COMPONENTS
2990,"MISCELLANEOUS ENGINE ACCESSORIES, NONAIRCRAFT"
2995,"MISCELLANEOUS ENGINE ACCESSORIES, AIRCRAFT"
30,MECHANICAL POWER TRANSMISSION EQPT
3010,TORQUE CONVERTERS AND SPEED CHANGERS
3020,"GEARS, PULLEYS, SPROCKETS, AND TRANSMISSION CHAIN"
3030,"BELTING, DRIVE BELTS, FAN BELTS, AND ACCESSORIES"
3040,MISCELLANEOUS POWER TRANSMISSION EQUIPMENT
31,BEARINGS
3110,"BEARINGS, ANTIFRICTION, UNMOUNTED"
3120,"BEARINGS, PLAIN, UNMOUNTED"
3130,"BEARINGS, MOUNTED"
32,WOODWORKING MACHINERY AND EQPT
3210,SAWMILL AND PLANING MILL MACHINERY
3220,WOODWORKING MACHINES
3230,TOOLS AND ATTACHMENTS FOR WOODWORKING MACHINERY
34,METALWORKING MACHINERY
3405,SAWS AND FILING MACHINES
3408,MACHINING CENTERS AND WAY-TYPE MACHINES
3410,ELECTRICAL AND ULTRASONIC EROSION MACHINES
3411,BORING MACHINES
3412,BROACHING MACHINES
3413,DRILLING AND TAPPING MACHINES
3414,GEAR CUTTING AND FINISHING MACHINES
3415,GRINDING MACHINES
3416,LATHES
3417,MILLING MACHINES
3418,PLANERS AND SHAPERS
3419,MISCELLANEOUS MACHINE TOOLS
3422,ROLLING MILLS AND DRAWING MACHINES
3424,METAL HEAT TREATING AND NON-THERMAL TREATING EQUIPMENT
3426,METAL FINISHING EQUIPMENT
3431,ELECTRIC ARC WELDING EQUIPMENT
3432,ELECTRIC RESISTANCE WELDING EQUIPMENT
3433,"GAS WELDING, HEAT CUTTING, AND METALIZING EQUIPMENT"
3436,WELDING POSITIONERS AND MANIPULATORS
3438,MISCELLANEOUS WELDING EQUIPMENT
3439,"MISCELLANEOUS WELDING, SOLDERING, AND BRAZING SUPPLIES AND ACCESSORIES"
3441,BENDING AND FORMING MACHINES
3442,"HYDRAULIC AND PNEUMATIC PRESSES, POWER DRIVEN"
3443,"MECHANICAL PRESSES, POWER DRIVEN"
3444,MANUAL PRESSES
3445,PUNCHING AND SHEARING MACHINES
3446,FORGING MACHINERY AND HAMMERS
3447,WIRE AND METAL RIBBON FORMING MACHINES
3448,RIVETING MACHINES
3449,MISCELLANEOUS SECONDARY METAL FORMING AND CUTTING MACHINES
3450,"MACHINE TOOLS, PORTABLE"
3455,CUTTING TOOLS FOR MACHINE TOOLS
3456,CUTTING AND FORMING TOOLS FOR SECONDARY METALWORKING MACHINERY
3460,MACHINE TOOL ACCESSORIES
3461,ACCESSORIES FOR SECONDARY METALWORKING MACHINERY
3465,"PRODUCTION JIGS, FIXTURES, AND TEMPLATES"
3470,"MACHINE SHOP SETS, KITS, AND OUTFITS"
35,SERVICE AND TRADE EQPT
3510,LAUNDRY AND DRY CLEANING EQUIPMENT
3520,SHOE REPAIRING EQUIPMENT
3530,INDUSTRIAL SEWING MACHINES AND MOBILE TEXTILE REPAIR SHOPS
3540,WRAPPING AND PACKAGING MACHINERY
3550,VENDING AND COIN OPERATED MACHINES
3590,MISCELLANEOUS SERVICE AND TRADE EQUIPMENT
36,SPECIAL INDUSTRY MACHINERY
3605,FOOD PRODUCTS MACHINERY AND EQUIPMENT
3610,"PRINTING, DUPLICATING, AND BOOKBINDING EQUIPMENT"
3611,INDUSTRIAL MARKING MACHINES
3615,PULP AND PAPER INDUSTRIES MACHINERY
3620,RUBBER AND PLASTICS WORKING MACHINERY
3625,TEXTILE INDUSTRIES MACHINERY
3630,CLAY AND CONCRETE PRODUCTS INDUSTRIES MACHINERY
3635,CRYSTAL AND GLASS INDUSTRIES MACHINERY
3640,TOBACCO MANUFACTURING MACHINERY
3645,LEATHER TANNING AND LEATHER WORKING INDUSTRIES MACHINERY
3650,CHEMICAL AND PHARMACEUTICAL PRODUCTS MANUFACTURING MACHINERY
3655,"GAS GENERATING AND DISPENSING SYSTEMS, FIXED OR MOBILE"
3660,INDUSTRIAL SIZE REDUCTION MACHINERY
3670,"SPECIALIZED SEMICONDUCTOR, MICROCIRCUIT, AND PRINTED CIRCUIT BOARD MANUFACTURING MACHINERY"
3680,"FOUNDRY MACHINERY, RELATED EQUIPMENT AND SUPPLIES"
3685,SPECIALIZED METAL CONTAINER MANUFACTURING MACHINERY AND RELATED EQUIPMENT
3690,SPECIALIZED AMMUNITION AND ORDNANCE MACHINERY AND RELATED EQUIPMENT
3693,INDUSTRIAL ASSEMBLY MACHINES
3694,"CLEAN WORK STATIONS, CONTROLLED ENVIRONMENT, AND RELATED EQUIPMENT"
3695,MISCELLANEOUS SPECIAL INDUSTRY MACHINERY
37,AGRICULTURAL MACHINERY AND EQPT
3710,SOIL PREPARATION EQUIPMENT
3720,HARVESTING EQUIPMENT
3730,"DAIRY, POULTRY, AND LIVESTOCK EQUIPMENT"
3740,"PEST, DISEASE, AND FROST CONTROL EQUIPMENT"
3750,GARDENING IMPLEMENTS AND TOOLS
3770,"SADDLERY, HARNESS, WHIPS, AND RELATED ANIMAL FURNISHINGS"
38,CONSTRUCT/MINE/EXCAVATE/HIGHWY EQPT
3805,EARTH MOVING AND EXCAVATING EQUIPMENT
3810,CRANES AND CRANE-SHOVELS
3815,CRANE AND CRANE-SHOVEL ATTACHMENTS
3820,"MINING, ROCK DRILLING, EARTH BORING, AND RELATED EQUIPMENT"
3825,"ROAD CLEARING, CLEANING, AND MARKING EQUIPMENT"
3830,TRUCK AND TRACTOR ATTACHMENTS
3835,PETROLEUM PRODUCTION AND DISTRIBUTION EQUIPMENT
3895,MISCELLANEOUS CONSTRUCTION EQUIPMENT
39,MATERIALS HANDLING EQPT
3910,CONVEYORS
3915,MATERIALS FEEDERS
3920,"MATERIAL HANDLING EQUIPMENT, NONSELF-PROPELLED"
3930,"WAREHOUSE TRUCKS AND TRACTORS, SELF-PROPELLED"
3940,"BLOCKS, TACKLE, RIGGING, AND SLINGS"
3950,"WINCHES, HOISTS, CRANES, AND DERRICKS"
3960,FREIGHT ELEVATORS
3990,MISCELLANEOUS MATERIALS HANDLING EQUIPMENT
40,"ROPE, CABLE, CHAIN, FITTINGS"
4010,CHAIN AND WIRE ROPE
4020,"FIBER ROPE, CORDAGE, AND TWINE"
4030,"FITTINGS FOR ROPE, CABLE, AND CHAIN"
41,"REFRIG, AIR CONDIT/CIRCULAT EQPT"
4110,REFRIGERATION EQUIPMENT
4120,AIR CONDITIONING EQUIPMENT
4130,REFRIGERATION AND AIR CONDITIONING COMPONENTS
4140,"FANS, AIR CIRCULATORS, AND BLOWER EQUIPMENT"
4150,VORTEX TUBES AND OTHER RELATED COOLING TUBES
42,FIRE/RESCUE/SAFETY; ENVIRO PROTECT
4210,FIRE FIGHTING EQUIPMENT
4220,MARINE LIFESAVING AND DIVING EQUIPMENT
4230,DECONTAMINATING AND IMPREGNATING EQUIPMENT
4235,HAZARDOUS MATERIAL SPILL CONTAINMENT AND CLEAN-UP EQUIPMENT AND MATERIAL
4240,SAFETY AND RESCUE EQUIPMENT
4250,RECYCLING AND RECLAMATION EQUIPMENT
43,PUMPS AND COMPRESSORS
4310,COMPRESSORS AND VACUUM PUMPS
4320,POWER AND HAND PUMPS
4330,"CENTRIFUGALS, SEPARATORS, AND PRESSURE AND VACUUM FILTERS"
44,FURNACE/STEAM/DRYING; NUCL REACTOR
4410,INDUSTRIAL BOILERS
4420,HEAT EXCHANGERS AND STEAM CONDENSERS
4430,"INDUSTRIAL FURNACES, KILNS, LEHRS, AND OVENS"
4440,"DRIERS, DEHYDRATORS, AND ANHYDRATORS"
4460,AIR PURIFICATION EQUIPMENT
4470,NUCLEAR REACTORS
45,"PLUMBING, HEATING, WASTE DISPOSAL"
4510,PLUMBING FIXTURES AND ACCESSORIES
4520,SPACE AND WATER HEATING EQUIPMENT
4530,FUEL BURNING EQUIPMENT UNITS
4540,WASTE DISPOSAL EQUIPMENT
46,WATER PURIFICATION/SEWAGE TREATMENT
4610,WATER PURIFICATION EQUIPMENT
4620,"WATER DISTILLATION EQUIPMENT, MARINE AND INDUSTRIAL"
4630,SEWAGE TREATMENT EQUIPMENT
47,"PIPE, TUBING, HOSE, AND FITTINGS"
4710,"PIPE, TUBE AND RIGID TUBING"
4720,HOSE AND FLEXIBLE TUBING
4730,"HOSE, PIPE, TUBE, LUBRICATION, AND RAILING FITTINGS"
48,VALVES
4810,"VALVES, POWERED"
4820,"VALVES, NONPOWERED"
49,MAINT/REPAIR SHOP EQPT
4910,MOTOR VEHICLE MAINTENANCE AND REPAIR SHOP SPECIALIZED EQUIPMENT
4920,AIRCRAFT MAINTENANCE AND REPAIR SHOP SPECIALIZED EQUIPMENT
4921,"TORPEDO MAINTENANCE, REPAIR, AND CHECKOUT SPECIALIZED EQUIPMENT"
4923,"DEPTH CHARGES AND UNDERWATER MINES MAINTENANCE, REPAIR, AND CHECKOUT SPECIALIZED EQUIPMENT"
4925,"AMMUNITION MAINTENANCE, REPAIR, AND CHECKOUT SPECIALIZED EQUIPMENT"
4927,"ROCKET MAINTENANCE, REPAIR AND CHECKOUT SPECIALIZED EQUIPMENT"
4930,LUBRICATION AND FUEL DISPENSING EQUIPMENT
4931,FIRE CONTROL MAINTENANCE AND REPAIR SHOP SPECIALIZED EQUIPMENT
4933,WEAPONS MAINTENANCE AND REPAIR SHOP SPECIALIZED EQUIPMENT
4935,"GUIDED MISSILE MAINTENANCE, REPAIR, AND CHECKOUT SPECIALIZED EQUIPMENT"
4940,MISCELLANEOUS MAINTENANCE AND REPAIR SHOP SPECIALIZED EQUIPMENT
4960,"SPACE VEHICLE MAINTENANCE, REPAIR, AND CHECKOUT SPECIALIZED EQUIPMENT"
4970,"MULTIPLE GUIDED WEAPONS, SPECIALIZED MAINTENANCE AND REPAIR SHOP EQUIPMENT"
51,HAND TOOLS
5110,"HAND TOOLS, EDGED, NONPOWERED"
5120,"HAND TOOLS, NONEDGED, NONPOWERED"
5130,"HAND TOOLS, POWER DRIVEN"
5133,"DRILL BITS, COUNTERBORES, AND COUNTERSINKS: HAND AND MACHINE"
5136,"TAPS, DIES, AND COLLETS; HAND AND MACHINE"
5140,TOOL AND HARDWARE BOXES
5180,"SETS, KITS, AND OUTFITS OF HAND TOOLS"
52,MEASURING TOOLS
5210,"MEASURING TOOLS, CRAFTSMEN'S"
5220,INSPECTION GAGES AND PRECISION LAYOUT TOOLS
5280,"SETS, KITS, AND OUTFITS OF MEASURING TOOLS"
53,HARDWARE AND ABRASIVES
5305,SCREWS
5306,BOLTS
5307,STUDS
5310,NUTS AND WASHERS
5315,"NAILS, MACHINE KEYS, AND PINS"
5320,RIVETS
5325,FASTENING DEVICES
5330,PACKING AND GASKET MATERIALS
5331,O-RING
5335,METAL SCREENING
5340,"HARDWARE, COMMERCIAL"
5342,"HARDWARE, WEAPON SYSTEM"
5345,"DISKS AND STONES, ABRASIVE"
5350,ABRASIVE MATERIALS
5355,KNOBS AND POINTERS
5360,"COIL, FLAT, LEAF, AND WIRE SPRINGS"
5365,"BUSHINGS, RINGS, SHIMS, AND SPACERS"
54,PREFAB STRUCTURES/SCAFFOLDING
5410,PREFABRICATED AND PORTABLE BUILDINGS
5411,RIGID WALL SHELTERS
5419,COLLECTIVE MODULAR SUPPORT SYSTEM
5420,"BRIDGES, FIXED AND FLOATING"
5430,STORAGE TANKS
5440,SCAFFOLDING EQUIPMENT AND CONCRETE FORMS
5445,PREFABRICATED TOWER STRUCTURES
5450,MISCELLANEOUS PREFABRICATED STRUCTURES
55,"LUMBER, MILLWORK, PLYWOOD, VENEER"
5510,LUMBER AND RELATED BASIC WOOD MATERIALS
5520,MILLWORK
5530,PLYWOOD AND VENEER
56,CONSTRUCTION AND BUILDING MATERIAL
5610,"MINERAL CONSTRUCTION MATERIALS, BULK"
5620,"TILE, BRICK AND BLOCK"
5630,"PIPE AND CONDUIT, NONMETALLIC"
5640,"WALLBOARD, BUILDING PAPER, AND THERMAL INSULATION MATERIALS"
5650,ROOFING AND SIDING MATERIALS
5660,"FENCING, FENCES, GATES AND COMPONENTS"
5670,"BUILDING COMPONENTS, PREFABRICATED"
5675,NONWOOD CONSTRUCTION LUMBER AND RELATED MATERIALS
5680,MISCELLANEOUS CONSTRUCTION MATERIALS
58,COMM/DETECT/COHERENT RADIATION
5805,TELEPHONE AND TELEGRAPH EQUIPMENT
5810,COMMUNICATIONS SECURITY EQUIPMENT AND COMPONENTS
5811,OTHER CRYPTOLOGIC EQUIPMENT AND COMPONENTS
5815,TELETYPE AND FACSIMILE EQUIPMENT
5820,"RADIO AND TELEVISION COMMUNICATION EQUIPMENT, EXCEPT AIRBORNE"
5821,"RADIO AND TELEVISION COMMUNICATION EQUIPMENT, AIRBORNE"
5825,"RADIO NAVIGATION EQUIPMENT, EXCEPT AIRBORNE"
5826,"RADIO NAVIGATION EQUIPMENT, AIRBORNE"
5830,"INTERCOMMUNICATION AND PUBLIC ADDRESS SYSTEMS, EXCEPT AIRBORNE"
5831,"INTERCOMMUNICATION AND PUBLIC ADDRESS SYSTEMS, AIRBORNE"
5835,SOUND RECORDING AND REPRODUCING EQUIPMENT
5836,VIDEO RECORDING AND REPRODUCING EQUIPMENT
5840,"RADAR EQUIPMENT, EXCEPT AIRBORNE"
5841,"RADAR EQUIPMENT, AIRBORNE"
5845,UNDERWATER SOUND EQUIPMENT
5850,VISIBLE AND INVISIBLE LIGHT COMMUNICATION EQUIPMENT
5855,"NIGHT VISION EQUIPMENT, EMITTED AND REFLECTED RADIATION"
5860,"STIMULATED COHERENT RADIATION DEVICES, COMPONENTS, AND ACCESSORIES"
5865,"ELECTRONIC COUNTERMEASURES, COUNTER-COUNTERMEASURES AND QUICK REACTION CAPABILITY EQUIPMENT"
5895,MISCELLANEOUS COMMUNICATION EQUIPMENT
59,ELECTRICAL/ELECTRONIC EQPT COMPNTS
5905,RESISTORS
5910,CAPACITORS
5915,FILTERS AND NETWORKS
5920,"FUSES, ARRESTORS, ABSORBERS, AND PROTECTORS"
5925,CIRCUIT BREAKERS
5930,SWITCHES
5935,"CONNECTORS, ELECTRICAL"
5940,"LUGS, TERMINALS, AND TERMINAL STRIPS"
5945,RELAYS AND SOLENOIDS
5950,COILS AND TRANSFORMERS
5955,OSCILLATORS AND PIEZOELECTRIC CRYSTALS
5960,ELECTRON TUBES AND ASSOCIATED HARDWARE
5961,SEMICONDUCTOR DEVICES AND ASSOCIATED HARDWARE
5962,"MICROCIRCUITS, ELECTRONIC"
5963,ELECTRONIC MODULES
5965,"HEADSETS, HANDSETS, MICROPHONES AND SPEAKERS"
5970,ELECTRICAL INSULATORS AND INSULATING MATERIALS
5975,ELECTRICAL HARDWARE AND SUPPLIES
5977,ELECTRICAL CONTACT BRUSHES AND ELECTRODES
5980,OPTOELECTRONIC DEVICES AND ASSOCIATED HARDWARE
5985,"ANTENNAS, WAVEGUIDES, AND RELATED EQUIPMENT"
5990,SYNCHROS AND RESOLVERS
5995,"CABLE, CORD, AND WIRE ASSEMBLIES: COMMUNICATION EQUIPMENT"
5996,AMPLIFIERS
5998,"ELECTRICAL AND ELECTRONIC ASSEMBLIES, BOARDS, CARDS, AND ASSOCIATED HARDWARE"
5999,MISCELLANEOUS ELECTRICAL AND ELECTRONIC COMPONENTS
6010,FIBER OPTIC CONDUCTORS
6015,FIBER OPTIC CABLES
6020,FIBER OPTIC CABLE ASSEMBLIES AND HARNESSES
6021,FIBER OPTIC SWITCHES
6030,FIBER OPTIC DEVICES
6032,FIBER OPTIC LIGHT SOURCES AND PHOTO DETECTORS
6035,FIBER OPTIC LIGHT TRANSFER AND IMAGE TRANSFER DEVICES
6060,FIBER OPTIC INTERCONNECTORS
6070,FIBER OPTIC ACCESSORIES AND SUPPLIES
6080,FIBER OPTIC KITS AND SETS
6099,MISCELLANEOUS FIBER OPTIC COMPONENTS
61,"ELECTRIC WIRE, POWER DISTRIB EQPT"
6105,"MOTORS, ELECTRICAL"
6110,ELECTRICAL CONTROL EQUIPMENT
6115,"GENERATORS AND GENERATOR SETS, ELECTRICAL"
6116,"FUEL CELL POWER UNITS, COMPONENTS, AND ACCESSORIES"
6117,SOLAR ELECTRIC POWER SYSTEMS
6120,TRANSFORMERS: DISTRIBUTION AND POWER STATION
6125,"CONVERTERS, ELECTRICAL, ROTATING"
6130,"CONVERTERS, ELECTRICAL, NONROTATING"
6135,"BATTERIES, NONRECHARGEABLE"
6140,"BATTERIES, RECHARGEABLE"
6145,"WIRE AND CABLE, ELECTRICAL"
6150,MISCELLANEOUS ELECTRIC POWER AND DISTRIBUTION EQUIPMENT
6160,"MISCELLANEOUS BATTERY RETAINING FIXTURES, LINERS AND ANCILLARY ITEMS"
62,"LIGHTING FIXTURES, LAMPS"
6210,INDOOR AND OUTDOOR ELECTRIC LIGHTING FIXTURES
6220,ELECTRIC VEHICULAR LIGHTS AND FIXTURES
6230,ELECTRIC PORTABLE AND HAND LIGHTING EQUIPMENT
6240,ELECTRIC LAMPS
6250,"BALLASTS, LAMPHOLDERS, AND STARTERS"
6260,NONELECTRICAL LIGHTING FIXTURES
63,"ALARM, SIGNAL, SECURITY DETECTION"
6310,TRAFFIC AND TRANSIT SIGNAL SYSTEMS
6320,SHIPBOARD ALARM AND SIGNAL SYSTEMS
6330,RAILROAD SIGNAL AND WARNING DEVICES
6340,AIRCRAFT ALARM AND SIGNAL SYSTEMS
6350,"MISCELLANEOUS ALARM, SIGNAL, AND SECURITY DETECTION SYSTEMS"
65,MEDICAL/DENTAL/VETERINARY EQPT/SUPP
6505,DRUGS AND BIOLOGICALS
6506,BLOOD AND BLOOD PRODUCTS
6508,MEDICATED COSMETICS AND TOILETRIES
6509,"DRUGS AND BIOLOGICALS, VETERINARY USE"
6510,SURGICAL DRESSING MATERIALS
6515,"MEDICAL AND SURGICAL INSTRUMENTS, EQUIPMENT, AND SUPPLIES"
6520,"DENTAL INSTRUMENTS, EQUIPMENT, AND SUPPLIES"
6525,"IMAGING EQUIPMENT AND SUPPLIES: MEDICAL, DENTAL, VETERINARY"
6530,"HOSPITAL FURNITURE, EQUIPMENT, UTENSILS, AND SUPPLIES"
6532,HOSPITAL AND SURGICAL CLOTHING AND RELATED SPECIAL PURPOSE ITEMS
6540,"OPHTHALMIC INSTRUMENTS, EQUIPMENT, AND SUPPLIES"
6545,"REPLENISHABLE FIELD MEDICAL SETS, KITS, AND OUTFITS"
6550,"IN VITRO DIAGNOSTIC SUBSTANCES, REAGENTS, TEST KITS AND SETS"
6555,HUMAN TISSUE AND CADAVERS
66,INSTRUMENTS AND LABORATORY EQPT
6605,NAVIGATIONAL INSTRUMENTS
6610,FLIGHT INSTRUMENTS
6615,AUTOMATIC PILOT MECHANISMS AND AIRBORNE GYRO COMPONENTS
6620,ENGINE INSTRUMENTS
6625,ELECTRICAL AND ELECTRONIC PROPERTIES MEASURING AND TESTING INSTRUMENTS
6630,CHEMICAL ANALYSIS INSTRUMENTS
6632,"ANALYSIS INSTRUMENTS, MEDICAL LABORATORY USE"
6635,PHYSICAL PROPERTIES TESTING AND INSPECTION
6636,ENVIRONMENTAL CHAMBERS AND RELATED EQUIPMENT
6640,LABORATORY EQUIPMENT AND SUPPLIES
6645,TIME MEASURING INSTRUMENTS
6650,"OPTICAL INSTRUMENTS, TEST EQUIPMENT, COMPONENTS AND ACCESSORIES"
6655,GEOPHYSICAL INSTRUMENTS
6660,METEOROLOGICAL INSTRUMENTS AND APPARATUS
6665,HAZARD-DETECTING INSTRUMENTS AND APPARATUS
6670,SCALES AND BALANCES
6675,"DRAFTING, SURVEYING, AND MAPPING INSTRUMENTS"
6680,"LIQUID AND GAS FLOW, LIQUID LEVEL, AND MECHANICAL MOTION MEASURING INSTRUMENTS"
6685,"PRESSURE, TEMPERATURE, AND HUMIDITY MEASURING AND CONTROLLING INSTRUMENTS"
6695,COMBINATION AND MISCELLANEOUS INSTRUMENTS
67,PHOTOGRAPHIC EQPT
6710,"CAMERAS, MOTION PICTURE"
6720,"CAMERAS, STILL PICTURE"
6730,PHOTOGRAPHIC PROJECTION EQUIPMENT
6740,PHOTOGRAPHIC DEVELOPING AND FINISHING EQUIPMENT
6750,PHOTOGRAPHIC SUPPLIES
6760,PHOTOGRAPHIC EQUIPMENT AND ACCESSORIES
6770,"FILM, PROCESSED"
6780,"PHOTOGRAPHIC SETS, KITS, AND OUTFITS"
68,CHEMICALS AND CHEMICAL PRODUCTS
6810,CHEMICALS
6820,DYES
6830,GASES: COMPRESSED AND LIQUEFIED
6835,MEDICAL GASES
6840,PEST CONTROL AGENTS AND DISINFECTANTS
6850,MISCELLANEOUS CHEMICAL SPECIALTIES
69,TRAINING AIDS AND DEVICES
6910,TRAINING AIDS
6920,ARMAMENT TRAINING DEVICES
6930,OPERATION TRAINING DEVICES
6940,COMMUNICATION TRAINING DEVICES
7,IT AND TELECOM - INFORMATION TECHNOLOGY AND TELECOMMUNICATIONS
7A,IT AND TELECOM - APLLICATIONS
7A20,IT AND TELECOM - APPLICATION DEVELOPMENT SOFTWARE (PERPETUAL LICENSE SOFTWARE)
7A21,IT AND TELECOM - BUSINESS APPLICATION SOFTWARE (PERPETUAL LICENSE SOFTWARE)
7B,IT AND TELECOM - COMPUTE
7B20,IT AND TELECOM - HIGH PERFORMANCE COMPUTE (HARDWARE AND PERPETUAL LICENSE SOFTWARE)
7B21,IT AND TELECOM - COMPUTE: MAINFRAME (HARDWARE AND PERPETUAL LICENSE SOFTWARE)
7B22,IT AND TELECOM - COMPUTE: SERVERS (HARDWARE AND PERPETUAL LICENSE SOFTWARE)
7C,IT AND TELECOM - DATA CENTER
7C20,IT AND TELECOM - DATA CENTER PRODUCTS (HARDWARE AND PERPETUAL LICENSE SOFTWARE)
7C21,IT AND TELECOM - OTHER DATA CENTER FACILITIES PRODUCTS (HARDWARE AND PERPETUAL LICENSE SOFTWARE)
7D,IT AND TELECOM - DELIVERY
7D20,IT AND TELECOM - SERVICE DELIVERY MANAGEMENT (HARDWARE AND PERPETUAL LICENSE SOFTWARE)
7E,IT AND TELECOM - END USER
7E20,"IT and Telecom - End User: Help Desk;Tier 1-2,Workspace,Print,Output,Productivity Tools (HW/Perp SW)"
7E21,IT AND TELECOM - MOBILE DEVICE PRODUCTS (HARDWARE AND PERPETUAL LICENSE SOFTWARE)
7F,IT AND TELECOM - IT MANAGEMENT
7F20,IT AND TELECOM - IT MANAGEMENT TOOLS/PRODUCTS (HARDWARE AND PERPETUAL LICENSE SOFTWARE)
7G,IT AND TELECOM - NETWORK
7G20,IT AND TELECOM - NETWORK: ANALOG VOICE PRODUCTS (HARDWARE AND PERPETUAL LICENSE SOFTWARE)
7G21,IT AND TELECOM - NETWORK: DIGITAL NETWORK PRODUCTS (HARDWARE AND PERPETUAL LICENSE SOFTWARE)
7G22,"IT AND TELECOM - NETWORK: SATELLITE AND RF COMMUNICATIONS PRODUCTS (HW, PERPETUAL LICENSE SOFTWARE)"
7H,IT AND TELECOM - PLATFORM
7H20,"IT AND TELECOM - PLATFORM PRODUCTS: DATABASE, MAINFRAME, MIDDLEWARE (HW, PERPETUAL LICENSE SOFTWARE)"
7J,IT AND TELECOM - SECURITY AND COMPLIANCE
7J20,IT AND TELECOM - SECURITY AND COMPLIANCE PRODUCTS (HARDWARE AND PERPETUAL LICENSE SOFTWARE)
7K,IT AND TELECOM - STORAGE
7K20,IT AND TELECOM - STORAGE PRODUCTS (HARDWARE AND PERPETUAL LICENSE SOFTWARE)
71,FURNITURE
7105,HOUSEHOLD FURNITURE
7110,OFFICE FURNITURE
7125,"CABINETS, LOCKERS, BINS, AND SHELVING"
7195,MISCELLANEOUS FURNITURE AND FIXTURES
72,HOUSEHOLD/COMMERC FURNISH/APPLIANCE
7210,HOUSEHOLD FURNISHINGS
7220,FLOOR COVERINGS
7230,"DRAPERIES, AWNINGS, AND SHADES"
7240,HOUSEHOLD AND COMMERCIAL UTILITY CONTAINERS
7290,MISCELLANEOUS HOUSEHOLD AND COMMERCIAL FURNISHINGS AND APPLIANCES
73,FOOD PREPARATION/SERVING EQPT
7310,"FOOD COOKING, BAKING, AND SERVING EQUIPMENT"
7320,KITCHEN EQUIPMENT AND APPLIANCES
7330,KITCHEN HAND TOOLS AND UTENSILS
7340,CUTLERY AND FLATWARE
7350,TABLEWARE
7360,"SETS, KITS, OUTFITS AND MODULES, FOOD PREPERATION AND SERVING"
74,OFFICE MACH/TEXT PROCESS/VISIB REC
7420,ACCOUNTING AND CALCULATING MACHINES
7430,TYPEWRITERS AND OFFICE TYPE COMPOSING MACHINES
7450,OFFICE TYPE SOUND RECORDING AND REPRODUCING MACHINES
7460,VISIBLE RECORD EQUIPMENT
7490,MISCELLANEOUS OFFICE MACHINES
75,OFFICE SUPPLIES AND DEVICES
7510,OFFICE SUPPLIES
7520,OFFICE DEVICES AND ACCESSORIES
7530,STATIONERY AND RECORD FORMS
7540,STANDARD FORMS
76,"BOOKS, MAPS, OTHER PUBLICATIONS"
7610,BOOKS AND PAMPHLETS
7630,NEWSPAPERS AND PERIODICALS
7640,"MAPS, ATLASES, CHARTS, AND GLOBES"
7641,"AERONAUTICAL MAPS, CHARTS AND GEODETIC PRODUCTS"
7642,"HYDROGRAPHIC MAPS, CHARTS AND GEODETIC PRODUCTS"
7643,"TOPOGRAPHIC MAPS, CHARTS AND GEODETIC PRODUCTS"
7644,"DIGITAL MAPS, CHARTS AND GEODETIC PRODUCTS"
7650,DRAWINGS AND SPECIFICATIONS
7660,SHEET AND BOOK MUSIC
7670,"MICROFILM, PROCESSED"
7690,MISCELLANEOUS PRINTED MATTER
77,MUSICAL INST/PHONOGRAPH/HOME RADIO
7710,MUSICAL INSTRUMENTS
7720,MUSICAL INSTRUMENT PARTS AND ACCESSORIES
7730,"PHONOGRAPHS, RADIOS, AND TELEVISION SETS: HOME TYPE"
7735,"PARTS AND ACCESSORIES OF PHONOGRAPHS, RADIOS, AND TELEVISION SET: HOME TYPE"
7740,PHONOGRAPH RECORDS
78,RECREATIONAL/ATHLETIC EQPT
7810,ATHLETIC AND SPORTING EQUIPMENT
7820,"GAMES, TOYS, AND WHEELED GOODS"
7830,RECREATIONAL AND GYMNASTIC EQUIPMENT
79,CLEANING EQPT AND SUPPLIES
7910,FLOOR POLISHERS AND VACUUM CLEANING EQUIPMENT
7920,"BROOMS, BRUSHES, MOPS, AND SPONGES"
7930,CLEANING AND POLISHING COMPOUNDS AND PREPARATIONS
80,"BRUSHES, PAINTS, SEALERS, ADHESIVES"
8010,"PAINTS, DOPES, VARNISHES, AND RELATED PRODUCTS"
8020,PAINT AND ARTISTS' BRUSHES
8030,PRESERVATIVE AND SEALING COMPOUNDS
8040,ADHESIVES
81,CONTAINERS/PACKAGING/PACKING SUPPL
8105,BAGS AND SACKS
8110,DRUMS AND CANS
8115,"BOXES, CARTONS, AND CRATES"
8120,COMMERCIAL AND INDUSTRIAL GAS CYLINDERS
8125,BOTTLES AND JARS
8130,REELS AND SPOOLS
8135,PACKAGING AND PACKING BULK MATERIALS
8140,"AMMUNITION AND NUCLEAR ORDNANCE BOXES, PACKAGES AND SPECIAL CONTAINERS"
8145,SPECIALIZED SHIPPING AND STORAGE CONTAINERS
8150,FREIGHT CONTAINERS
83,TEXTILE/LEATHER/FUR; TENT; FLAG
8305,TEXTILE FABRICS
8310,YARN AND THREAD
8315,NOTIONS AND APPAREL FINDINGS
8320,PADDING AND STUFFING MATERIALS
8325,FUR MATERIALS
8330,LEATHER
8335,SHOE FINDINGS AND SOLING MATERIALS
8340,TENTS AND TARPAULINS
8345,FLAGS AND PENNANTS
84,"CLOTHING, INDIVIDUAL EQUIPMENT, INSIGNA, AND JEWELRY"
8405,"OUTERWEAR, MEN'S"
8410,"OUTERWEAR, WOMEN'S"
8415,"CLOTHING, SPECIAL PURPOSE"
8420,"UNDERWEAR AND NIGHTWEAR, MEN'S"
8425,"UNDERWEAR AND NIGHTWEAR, WOMEN'S"
8430,"FOOTWEAR, MEN'S"
8435,"FOOTWEAR, WOMEN'S"
8440,"HOSIERY, HANDWEAR, AND CLOTHING ACCESSORIES, MEN'S"
8445,"HOSIERY, HANDWEAR, AND CLOTHING ACCESSORIES, WOMEN'S"
8450,CHILDREN'S AND INFANTS' APPAREL AND ACCESSORIES
8455,BADGES AND INSIGNIA
8457,JEWELRY
8460,LUGGAGE
8465,INDIVIDUAL EQUIPMENT
8470,"ARMOR, PERSONAL"
8475,SPECIALIZED FLIGHT CLOTHING AND ACCESSORIES
85,TOILETRIES
8510,"PERFUMES, TOILET PREPARATIONS, AND POWDERS"
8520,"TOILET SOAP, SHAVING PREPARATIONS, AND DENTIFRICES"
8530,PERSONAL TOILETRY ARTICLES
8540,TOILETRY PAPER PRODUCTS
87,AGRICULTURAL SUPPLIES
8710,FORAGE AND FEED
8720,FERTILIZERS
8730,SEEDS AND NURSERY STOCK
88,LIVE ANIMALS
8810,"LIVE ANIMALS, RAISED FOR FOOD"
8820,"LIVE ANIMALS, NOT RAISED FOR FOOD"
89,SUBSISTENCE
8905,"MEAT, POULTRY, AND FISH"
8910,DAIRY FOODS AND EGGS
8915,FRUITS AND VEGETABLES
8920,BAKERY AND CEREAL PRODUCTS
8925,"SUGAR, CONFECTIONERY, AND NUTS"
8930,"JAMS, JELLIES, AND PRESERVES"
8935,SOUPS AND BOUILLONS
8940,SPECIAL DIETARY FOODS AND FOOD SPECIALTY PREPARATIONS
8945,"FOOD, OILS AND FATS"
8950,CONDIMENTS AND RELATED PRODUCTS
8955,"COFFEE, TEA, AND COCOA"
8960,"BEVERAGES, NONALCOHOLIC"
8965,"BEVERAGES, ALCOHOLIC"
8970,COMPOSITE FOOD PACKAGES
8975,TOBACCO PRODUCTS
91,"FUELS, LUBRICANTS, OILS, WAXES"
9105,ELECTRIC POWER SUPPLY FROM A THIRD PARTY GENERATION ENTITY
9110,"FUELS, SOLID"
9130,"LIQUID PROPELLANTS AND FUELS, PETROLEUM BASE"
9135,"LIQUID PROPELLANT FUELS AND OXIDIZERS, CHEMICAL BASE"
9140,FUEL OILS
9150,"OILS AND GREASES: CUTTING, LUBRICATING, AND HYDRAULIC"
9160,"MISCELLANEOUS WAXES, OILS, AND FATS"
93,NONMETALLIC FABRICATED MATERIALS
9310,PAPER AND PAPERBOARD
9320,RUBBER FABRICATED MATERIALS
9330,PLASTICS FABRICATED MATERIALS
9340,GLASS FABRICATED MATERIALS
9350,REFRACTORIES AND FIRE SURFACING MATERIALS
9390,MISCELLANEOUS FABRICATED NONMETALLIC MATERIALS
94,NONMETALLIC CRUDE MATERIALS
9410,CRUDE GRADES OF PLANT MATERIALS
9420,"FIBERS: VEGETABLE, ANIMAL, AND SYNTHETIC"
9430,"MISCELLANEOUS CRUDE ANIMAL PRODUCTS, INEDIBLE"
9440,MISCELLANEOUS CRUDE AGRICULTURAL AND FORESTRY PRODUCTS
9450,"NONMETALLIC SCRAP, EXCEPT TEXTILE"
95,"METAL BARS, SHEETS, SHAPES"
9505,"WIRE, NONELECTRICAL"
9510,BARS AND RODS
9515,"PLATE, SHEET, STRIP, FOIL, AND LEAF"
9520,STRUCTURAL SHAPES
9525,"WIRE, NONELECTRICAL, NONFERROUS BASE METAL"
9530,"BARS AND RODS, NONFERROUS BASE METAL"
9535,"PLATE, SHEET, STRIP, AND FOIL; NONFERROUS BASE METAL"
9540,"STRUCTURAL SHAPES, NONFERROUS BASE METAL"
9545,"PLATE, SHEET, STRIP, FOIL, AND WIRE: PRECIOUS METAL"
96,"ORES, MINERALS AND PRIMARY PRODUCTS"
9610,ORES
9620,"MINERALS, NATURAL AND SYNTHETIC"
9630,ADDITIVE METAL MATERIALS
9640,IRON AND STEEL PRIMARY AND SEMIFINISHED PRODUCTS
9650,NONFERROUS BASE METAL REFINERY AND INTERMEDIATE FORMS
9660,PRECIOUS METALS PRIMARY FORMS
9670,IRON AND STEEL SCRAP
9680,NONFERROUS SCRAP
99,MISCELLANEOUS
9905,"SIGNS, ADVERTISING DISPLAYS, AND IDENTIFICATION PLATES"
9915,COLLECTORS' AND/OR HISTORICAL ITEMS
9920,SMOKERS' ARTICLES AND MATCHES
9925,"ECCLESIASTICAL EQUIPMENT, FURNISHINGS, AND SUPPLIES"
9930,MEMORIALS; CEMETERIAL AND MORTUARY EQUIPMENT AND SUPPLIES
9999,MISCELLANEOUS ITEMS
A,RESEARCH AND DEVELOPMENT
AA,AGRICULTURE R&D SERVICES
AA11,AGRICULTURE R&D SERVICES; AGRICULTURAL RESEARCH AND SERVICES; BASIC RESEARCH
AA12,AGRICULTURE R&D SERVICES; AGRICULTURAL RESEARCH AND SERVICES; APPLIED RESEARCH
AA13,AGRICULTURE R&D SERVICES; AGRICULTURAL RESEARCH AND SERVICES; EXPERIMENTAL DEVELOPMENT
AA14,AGRICULTURE R&D SERVICES; AGRICULTURAL RESEARCH AND SERVICES; R&D ADMINISTRATIVE EXPENSES
AA15,AGRICULTURE R&D SVCS; AGRICULTURAL RESEARCH & SVCS; R&D FACILITIES & MAJ EQUIP
AB,Community and Regional Development R&D Services
AB11,COMMUNITY AND REGIONAL DEVELOPMENT R&D SERVICES; COMMUNITY DEVELOPMENT; BASIC RESEARCH
AB12,COMMUNITY AND REGIONAL DEVELOPMENT R&D SERVICES; COMMUNITY DEVELOPMENT; APPLIED RESEARCH
AB13,COMMUNITY AND REGIONAL DEVELOPMENT R&D SERVICES; COMMUNITY DEVELOPMENT; EXPERIMENTAL DEVELOPMENT
AB14,COMMUNITY AND REGIONAL DEVELOPMENT R&D SERVICES; COMMUNITY DEVELOPMENT; R&D ADMINISTRATIVE EXPENSES
AB15,COMMUNITY & REGIONAL DEVELOPMENT R&D SVCS; COMMUNITY DEVELOPMENT; R&D FACILITIES & MAJ EQUIP
AB21,COMMUNITY AND REGIONAL DEVELOPMENT R&D SERVICES; AREA AND REGIONAL DEVELOPMENT; BASIC RESEARCH
AB22,COMMUNITY AND REGIONAL DEVELOPMENT R&D SERVICES; AREA AND REGIONAL DEVELOPMENT; APPLIED RESEARCH
AB23,COMMUNITY & REGIONAL DEVELOPMENT R&D SVCS; AREA & REGIONAL DEVELOPMENT; EXPERIMENTAL DEVELOPMENT
AB24,COMMUNITY & REGIONAL DEVELOPMENT R&D SVCS; AREA & REGIONAL DEVELOPMENT; R&D ADMINISTRATIVE EXPENSES
AB25,COMMUNITY & REGIONAL DEVELOPMENT R&D SVCS; AREA & REGIONAL DEVELOPMENT; R&D FACILITIES & MAJ EQUIP
AC,C – National Defense R&D Services
AC11,NATIONAL DEFENSE R&D SERVICES; DEPARTMENT OF DEFENSE - MILITARY; BASIC RESEARCH
AC12,NATIONAL DEFENSE R&D SERVICES; DEPARTMENT OF DEFENSE - MILITARY; APPLIED RESEARCH
AC13,NATIONAL DEFENSE R&D SERVICES; DEPARTMENT OF DEFENSE - MILITARY; EXPERIMENTAL DEVELOPMENT
AC14,NATIONAL DEFENSE R&D SERVICES; DEPARTMENT OF DEFENSE - MILITARY; R&D ADMINISTRATIVE EXPENSES
AC15,NATIONAL DEFENSE R&D SVCS; DEPARTMENT OF DEFENSE - MILITARY; R&D FACILITIES & MAJ EQUIP
AC21,NATIONAL DEFENSE R&D SERVICES; ATOMIC ENERGY DEFENSE ACTIVITIES; BASIC RESEARCH
AC22,NATIONAL DEFENSE R&D SERVICES; ATOMIC ENERGY DEFENSE ACTIVITIES; APPLIED RESEARCH
AC23,NATIONAL DEFENSE R&D SERVICES; ATOMIC ENERGY DEFENSE ACTIVITIES; EXPERIMENTAL DEVELOPMENT
AC24,NATIONAL DEFENSE R&D SERVICES; ATOMIC ENERGY DEFENSE ACTIVITIES; R&D ADMINISTRATIVE EXPENSES
AC25,NATIONAL DEFENSE R&D SVCS; ATOMIC ENERGY DEFENSE ACTIVITIES; R&D FACILITIES & MAJ EQUIP
AC31,NATIONAL DEFENSE R&D SERVICES; DEFENSE-RELATED ACTIVITIES; BASIC RESEARCH
AC32,NATIONAL DEFENSE R&D SERVICES; DEFENSE-RELATED ACTIVITIES; APPLIED RESEARCH
AC33,NATIONAL DEFENSE R&D SERVICES; DEFENSE-RELATED ACTIVITIES; EXPERIMENTAL DEVELOPMENT
AC34,NATIONAL DEFENSE R&D SERVICES; DEFENSE-RELATED ACTIVITIES; R&D ADMINISTRATIVE EXPENSES
AC35,NATIONAL DEFENSE R&D SVCS; DEFENSE-RELATED ACTIVITIES; R&D FACILITIES & MAJ EQUIP
AF,"Education, Training, Employment, and Social Services R&D Services"
AF11,"EDUCATION, TRAINING, EMPLOYMENT, & SOCIAL SVCS R&D SVCS; EDUCATION SVCS R&D; BASIC RESEARCH"
AF12,"EDUCATION, TRAINING, EMPLOYMENT, & SOCIAL SVCS R&D SVCS; EDUCATION SVCS R&D; APPLIED RESEARCH"
AF13,"EDUCATION, TRAINING, EMPLOYMENT, & SOCIAL SVCS R&D SVCS; EDUC SVCS R&D; EXPERIMENTAL DEVELOPMENT"
AF14,"EDUCATION, TRAINING, EMPLOYMENT, & SOCIAL SVCS R&D SVCS; EDUC SVCS R&D; R&D ADMINISTRATIVE EXPENSES"
AF15,"EDUCATION, TRAINING, EMPLOYMENT, & SOCIAL SVCS R&D SVCS; EDUC SVCS R&D; R&D FACILITIES & MAJ EQUIP"
AF21,"EDUCATION, TRAINING, EMPLOYMENT, & SOCIAL SVCS R&D SVCS; TRAINING & LABOR R&D; BASIC RESEARCH"
AF22,"EDUCATION, TRAINING, EMPLOYMENT, & SOCIAL SVCS R&D SVCS; TRAINING & LABOR R&D; APPLIED RESEARCH"
AF23,"EDUCATION, TRAINING, EMPLOYMENT, & SOCIAL SVCS R&D; TRAINING & LABOR R&D; EXPERIMENTAL DEVELOPMENT"
AF24,"EDUCATION, TRAINING, EMPLOYMENT, & SOCIAL SVCS R&D SVCS; TRAINING & LABOR R&D; R&D ADMIN EXPENSES"
AF25,"EDUCATION, TRAINING, EMPLOYMENT & SOCIAL SVCS R&D; TRAINING & LABOR R&D; R&D FACILITIES & MAJ EQUIP"
AF31,"EDUCATION, TRAINING, EMPLOYMENT, & SOCIAL SVCS R&D SVCS; SOCIAL SVCS R&D; BASIC RESEARCH"
AF32,"EDUCATION, TRAINING, EMPLOYMENT, & SOCIAL SVCS R&D SVCS; SOCIAL SVCS R&D; APPLIED RESEARCH"
AF33,"EDUCATION, TRAINING, EMPLOYMENT, & SOCIAL SVCS R&D SVCS; SOCIAL SVCS R&D; EXPERIMENTAL DEVELOPMENT"
AF34,"EDUCATION, TRAINING, EMPLOYMENT & SOCIAL SVCS R&D SVCS; SOCIAL SVCS R&D; R&D ADMINISTRATIVE EXPENSES"
AF35,"EDUCATION, TRAINING, EMPLOYMENT & SOCIAL SVCS R&D SVCS; SOCIAL SVCS R&D; R&D FACILITIES & MAJ EQUIP"
AG,Energy R&D Services
AG11,ENERGY R&D SERVICES; ENERGY SUPPLY; BASIC RESEARCH
AG12,ENERGY R&D SERVICES; ENERGY SUPPLY; APPLIED RESEARCH
AG13,ENERGY R&D SERVICES; ENERGY SUPPLY; EXPERIMENTAL DEVELOPMENT
AG14,ENERGY R&D SERVICES; ENERGY SUPPLY; R&D ADMINISTRATIVE EXPENSES
AG15,ENERGY R&D SERVICES; ENERGY SUPPLY; EXPENSES FOR R&D FACILITIES AND MAJOR EQUIPMENT
AG21,ENERGY R&D SERVICES; ENERGY CONSERVATION; BASIC RESEARCH
AG22,ENERGY R&D SERVICES; ENERGY CONSERVATION; APPLIED RESEARCH
AG23,ENERGY R&D SERVICES; ENERGY CONSERVATION; EXPERIMENTAL DEVELOPMENT
AG24,ENERGY R&D SERVICES; ENERGY CONSERVATION; R&D ADMINISTRATIVE EXPENSES
AG25,ENERGY R&D SERVICES; ENERGY CONSERVATION; EXPENSES FOR R&D FACILITIES AND MAJOR EQUIPMENT
AG31,ENERGY R&D SERVICES; EMERGENCY ENERGY PREPAREDNESS; BASIC RESEARCH
AG32,ENERGY R&D SERVICES; EMERGENCY ENERGY PREPAREDNESS; APPLIED RESEARCH
AG33,ENERGY R&D SERVICES; EMERGENCY ENERGY PREPAREDNESS; EXPERIMENTAL DEVELOPMENT
AG34,ENERGY R&D SERVICES; EMERGENCY ENERGY PREPAREDNESS; R&D ADMINISTRATIVE EXPENSES
AG35,ENERGY R&D SERVICES; EMERGENCY ENERGY PREPAREDNESS; EXPENSES FOR R&D FACILITIES AND MAJOR EQUIPMENT
AG41,"ENERGY R&D SERVICES; ENERGY INFORMATION, POLICY AND REGULATION; BASIC RESEARCH"
AG42,"ENERGY R&D SERVICES; ENERGY INFORMATION, POLICY AND REGULATION; APPLIED RESEARCH"
AG43,"ENERGY R&D SERVICES; ENERGY INFORMATION, POLICY AND REGULATION; EXPERIMENTAL DEVELOPMENT"
AG44,"ENERGY R&D SERVICES; ENERGY INFORMATION, POLICY AND REGULATION; R&D ADMINISTRATIVE EXPENSES"
AG45,"ENERGY R&D SVCS; ENERGY INFORMATION, POLICY & REGULATION; R&D FACILITIES & MAJ EQUIP"
AH,Natural Resources and Environment R&D Services
AH11,NATURAL RESOURCES AND ENVIRONMENT R&D SERVICES; WATER RESOURCES; BASIC RESEARCH
AH12,NATURAL RESOURCES AND ENVIRONMENT R&D SERVICES; WATER RESOURCES; APPLIED RESEARCH
AH13,NATURAL RESOURCES AND ENVIRONMENT R&D SERVICES; WATER RESOURCES; EXPERIMENTAL DEVELOPMENT
AH14,NATURAL RESOURCES AND ENVIRONMENT R&D SERVICES; WATER RESOURCES; R&D ADMINISTRATIVE EXPENSES
AH15,NATURAL RESOURCES & ENVIRONMENT R&D SVCS; WATER RESOURCES; R&D FACILITIES & MAJ EQUIP
AH21,NATURAL RESOURCES AND ENVIRONMENT R&D SERVICES; CONSERVATION AND LAND MANAGEMENT; BASIC RESEARCH
AH22,NATURAL RESOURCES AND ENVIRONMENT R&D SERVICES; CONSERVATION AND LAND MANAGEMENT; APPLIED RESEARCH
AH23,NATURAL RESOURCES & ENVIRONMENT R&D SVCS; CONSERVATION & LAND MANAGEMENT; EXPERIMENTAL DEVELOPMENT
AH24,NATURAL RESOURCES & ENVIRONMENT R&D SVCS; CONSERVATION & LAND MGMT; R&D ADMINISTRATIVE EXPENSES
AH25,NATURAL RESOURCES & ENVIRONMENT R&D SVCS; CONSERVATION & LAND MGMT; R&D FACILITIES & MAJ EQUIP
AH31,NATURAL RESOURCES AND ENVIRONMENT R&D SERVICES; RECREATIONAL RESOURCES; BASIC RESEARCH
AH32,NATURAL RESOURCES AND ENVIRONMENT R&D SERVICES; RECREATIONAL RESOURCES; APPLIED RESEARCH
AH33,NATURAL RESOURCES AND ENVIRONMENT R&D SERVICES; RECREATIONAL RESOURCES; EXPERIMENTAL DEVELOPMENT
AH34,NATURAL RESOURCES AND ENVIRONMENT R&D SERVICES; RECREATIONAL RESOURCES; R&D ADMINISTRATIVE EXPENSES
AH35,NATURAL RESOURCES & ENVIRONMENT R&D SVCS; RECREATIONAL RESOURCES; R&D FACILITIES & MAJ EQUIP
AH41,NATURAL RESOURCES AND ENVIRONMENT R&D SERVICES; POLLUTION CONTROL AND ABATEMENT; BASIC RESEARCH
AH42,NATURAL RESOURCES AND ENVIRONMENT R&D SERVICES; POLLUTION CONTROL AND ABATEMENT; APPLIED RESEARCH
AH43,NATURAL RESOURCES & ENVIRONMENT R&D SVCS; POLLUTION CONTROL & ABATEMENT; EXPERIMENTAL DEVELOPMENT
AH44,NATURAL RESOURCES & ENVIRONMENT R&D SVCS; POLLUTION CONTROL & ABATEMENT; R&D ADMINISTRATIVE EXPENSES
AH45,NATURAL RESOURCES & ENVIRONMENT R&D SVCS; POLLUTION CONTROL & ABATEMENT; R&D FACILITIES & MAJ EQUIP
AH51,NATURAL RESOURCES AND ENVIRONMENT R&D SERVICES; OTHER NATURAL RESOURCES; BASIC RESEARCH
AH52,NATURAL RESOURCES AND ENVIRONMENT R&D SERVICES; OTHER NATURAL RESOURCES; APPLIED RESEARCH
AH53,NATURAL RESOURCES AND ENVIRONMENT R&D SERVICES; OTHER NATURAL RESOURCES; EXPERIMENTAL DEVELOPMENT
AH54,NATURAL RESOURCES & ENVIRONMENT R&D SVCS; OTHER NATURAL RESOURCES; R&D ADMINISTRATIVE EXPENSES
AH55,NATURAL RESOURCES & ENVIRONMENT R&D SVCS; OTHER NATURAL RESOURCES; R&D FACILITIES & MAJ EQUIP
AJ,General Science and Technology R&D Services
AJ11,GENERAL SCIENCE AND TECHNOLOGY R&D SERVICES; GENERAL SCIENCE AND TECHNOLOGY; BASIC RESEARCH
AJ12,GENERAL SCIENCE AND TECHNOLOGY R&D SERVICES; GENERAL SCIENCE AND TECHNOLOGY; APPLIED RESEARCH
AJ13,GENERAL SCIENCE & TECHNOLOGY R&D SVCS; GENERAL SCIENCE & TECHNOLOGY; EXPERIMENTAL DEVELOPMENT
AJ14,GENERAL SCIENCE AND TECHNOLOGY R&D SERVICES; GENERAL SCIENCE AND TECHNOLOGY; R&D ADMINISTRATIVE EXPENSES
AJ15,GENERAL SCIENCE & TECHNOLOGY R&D SVCS; GENERAL SCIENCE & TECHNOLOGY; R&D FACILITIES & MAJ EQUIP
AK,Commerce and Housing Credit R&D Services
AK11,COMMERCE AND HOUSING CREDIT R&D SERVICES; COMMERCE AND HOUSING CREDIT; BASIC RESEARCH
AK12,COMMERCE AND HOUSING CREDIT R&D SERVICES; COMMERCE AND HOUSING CREDIT; APPLIED RESEARCH
AK13,COMMERCE AND HOUSING CREDIT R&D SERVICES; COMMERCE AND HOUSING CREDIT; EXPERIMENTAL DEVELOPMENT
AK14,GENERAL SCIENCE & TECHNOLOGY R&D SVCS; GENERAL SCIENCE & TECHNOLOGY; R&D ADMINISTRATIVE EXPENSES
AK15,COMMERCE & HOUSING CREDIT R&D SVCS; COMMERCE & HOUSING CREDIT; R&D FACILITIES & MAJ EQUIP
AL,Income Security R&D Services
AL11,INCOME SECURITY R&D SERVICES; INCOME SECURITY; BASIC RESEARCH
AL12,INCOME SECURITY R&D SERVICES; INCOME SECURITY; APPLIED RESEARCH
AL13,INCOME SECURITY R&D SERVICES; INCOME SECURITY; EXPERIMENTAL DEVELOPMENT
AL14,INCOME SECURITY R&D SERVICES; INCOME SECURITY; R&D ADMINISTRATIVE EXPENSES
AL15,INCOME SECURITY R&D SERVICES; INCOME SECURITY; EXPENSES FOR R&D FACILITIES AND MAJOR EQUIPMENT
AM,International Affairs R&D Services
AM11,INTERNATIONAL AFFAIRS R&D SERVICES; INTERNATIONAL AFFAIRS; BASIC RESEARCH
AM12,INTERNATIONAL AFFAIRS R&D SERVICES; INTERNATIONAL AFFAIRS; APPLIED RESEARCH
AM13,INTERNATIONAL AFFAIRS R&D SERVICES; INTERNATIONAL AFFAIRS; EXPERIMENTAL DEVELOPMENT
AM14,INTERNATIONAL AFFAIRS R&D SERVICES; INTERNATIONAL AFFAIRS; R&D ADMINISTRATIVE EXPENSES
AM15,INTERNATIONAL AFFAIRS R&D SVCS; INTERNATIONAL AFFAIRS; R&D FACILITIES & MAJ EQUIP
AN,N – Health R&D Services
AN11,HEALTH R&D SERVICES; HEALTH CARE SERVICES; BASIC RESEARCH
AN12,HEALTH R&D SERVICES; HEALTH CARE SERVICES; APPLIED RESEARCH
AN13,HEALTH R&D SERVICES; HEALTH CARE SERVICES; EXPERIMENTAL DEVELOPMENT
AN14,HEALTH R&D SERVICES; HEALTH CARE SERVICES; R&D ADMINISTRATIVE EXPENSES
AN15,HEALTH R&D SERVICES; HEALTH CARE SERVICES; EXPENSES FOR R&D FACILITIES AND MAJOR EQUIPMENT
AN21,HEALTH R&D SERVICES; HEALTH RESEARCH AND TRAINING; BASIC RESEARCH
AN22,HEALTH R&D SERVICES; HEALTH RESEARCH AND TRAINING; APPLIED RESEARCH
AN23,HEALTH R&D SERVICES; HEALTH RESEARCH AND TRAINING; EXPERIMENTAL DEVELOPMENT
AN24,HEALTH R&D SERVICES; HEALTH RESEARCH AND TRAINING; R&D ADMINISTRATIVE EXPENSES
AN25,HEALTH R&D SERVICES; HEALTH RESEARCH AND TRAINING; EXPENSES FOR R&D FACILITIES AND MAJOR EQUIPMENT
AN31,HEALTH R&D SERVICES; CONSUMER AND OCCUPATIONAL HEALTH AND SAFETY; BASIC RESEARCH
AN32,HEALTH R&D SERVICES; CONSUMER AND OCCUPATIONAL HEALTH AND SAFETY; APPLIED RESEARCH
AN33,HEALTH R&D SERVICES; CONSUMER AND OCCUPATIONAL HEALTH AND SAFETY; EXPERIMENTAL DEVELOPMENT
AN34,HEALTH R&D SERVICES; CONSUMER AND OCCUPATIONAL HEALTH AND SAFETY; R&D ADMINISTRATIVE EXPENSES
AN35,HEALTH R&D SVCS; CONSUMER & OCCUPATIONAL HEALTH & SAFETY; R&D FACILITIES & MAJ EQUIP
AN41,HEALTH R&D SERVICES; HEALTH CARE - OTHER; BASIC RESEARCH
AN42,HEALTH R&D SERVICES; HEALTH CARE - OTHER; APPLIED RESEARCH
AN43,HEALTH R&D SERVICES; HEALTH CARE - OTHER; EXPERIMENTAL DEVELOPMENT
AN44,HEALTH R&D SERVICES; HEALTH CARE - OTHER; R&D ADMINISTRATIVE EXPENSES
AN45,HEALTH R&D SERVICES; HEALTH CARE - OTHER; EXPENSES FOR R&D FACILITIES AND MAJOR EQUIPMENT
AR,Space R&D Services
AR11,"SPACE R&D SERVICES; SPACE FLIGHT, RESEARCH AND SUPPORTING ACTIVITIES; BASIC RESEARCH"
AR12,"SPACE R&D SERVICES; SPACE FLIGHT, RESEARCH AND SUPPORTING ACTIVITIES; APPLIED RESEARCH"
AR13,"SPACE R&D SERVICES; SPACE FLIGHT, RESEARCH AND SUPPORTING ACTIVITIES; EXPERIMENTAL DEVELOPMENT"
AR14,"SPACE R&D SERVICES; SPACE FLIGHT, RESEARCH AND SUPPORTING ACTIVITIES; R&D ADMINISTRATIVE EXPENSES"
AR15,"SPACE R&D SVCS; SPACE FLIGHT, RESEARCH & SUPPORTING ACTIVITIES; R&D FACILITIES & MAJ EQUIP"
AS,Transportation R&D Services
AS11,"TRANSPORTATION R&D SERVICES; SURFACE TRANSPORTATION, PUBLIC TRANSIT, AND RAIL; BASIC RESEARCH"
AS12,"TRANSPORTATION R&D SERVICES; SURFACE TRANSPORTATION, PUBLIC TRANSIT, AND RAIL; APPLIED RESEARCH"
AS13,"TRANSPORTATION R&D SVCS; SURFACE TRANSPORTATION, PUBLIC TRANSIT, & RAIL; EXPERIMENTAL DEVELOPMENT"
AS14,"TRANSPORTATION R&D SVCS; SURFACE TRANSPORTATION, PUBLIC TRANSIT, & RAIL; R&D ADMINISTRATIVE EXPENSES"
AS15,"TRANSPORTATION R&D SVCS; SURFACE TRANSPORTATION, PUBLIC TRANSIT, & RAIL; R&D FACILITIES & MAJ EQUIP"
AS21,TRANSPORTATION R&D SERVICES; AEROSPACE RESEARCH; BASIC RESEARCH
AS22,TRANSPORTATION R&D SERVICES; AEROSPACE RESEARCH; APPLIED RESEARCH
AS23,TRANSPORTATION R&D SERVICES; AEROSPACE RESEARCH; EXPERIMENTAL DEVELOPMENT
AS24,TRANSPORTATION R&D SERVICES; AEROSPACE RESEARCH; R&D ADMINISTRATIVE EXPENSES
AS25,TRANSPORTATION R&D SERVICES; AEROSPACE RESEARCH; EXPENSES FOR R&D FACILITIES AND MAJOR EQUIPMENT
AS31,TRANSPORTATION R&D SERVICES; WATER TRANSPORTATION; BASIC RESEARCH
AS32,TRANSPORTATION R&D SERVICES; WATER TRANSPORTATION; APPLIED RESEARCH
AS33,TRANSPORTATION R&D SERVICES; WATER TRANSPORTATION; EXPERIMENTAL DEVELOPMENT
AS34,TRANSPORTATION R&D SERVICES; WATER TRANSPORTATION; R&D ADMINISTRATIVE EXPENSES
AS35,TRANSPORTATION R&D SERVICES; WATER TRANSPORTATION; EXPENSES FOR R&D FACILITIES AND MAJOR EQUIPMENT
AS41,TRANSPORTATION R&D SVCS; PIPELINES; HAZ MAT; CROSS-FUNCTIONAL TRANSPORTATION; BASIC RESEARCH
AS42,TRANSPORTATION R&D SVCS; PIPELINES; HAZ MAT; CROSS-FUNCTIONAL TRANSPORTATION; APPLIED RESEARCH
AS43,TRANSPORTATION R&D SVCS; PIPELINES; HAZ MAT; CROSS-FUNCTIONAL TRANSP; EXPERIMENTAL DEVELOPMENT
AS44,TRANSPORTATION R&D SVCS; PIPELINES; HAZ MAT; CROSS-FUNCTIONAL TRANSP; R&D ADMINISTRATIVE EXPENSES
AS45,TRANSPORTATION R&D SVCS; PIPELINES; HAZ MAT; CROSS-FUNCTIONAL TRANSP; R&D FACILITIES & MAJ EQUIP
B,"SPECIAL STUDIES/ANALYSIS, NOT R&D"
B5,SPECIAL STUDIES - NOT R and D
B502,SPECIAL STUDIES/ANALYSIS- AIR QUALITY
B503,SPECIAL STUDIES/ANALYSIS- ARCHEOLOGICAL/PALEONTOLOGICAL
B504,SPECIAL STUDIES/ANALYSIS- CHEMICAL/BIOLOGICAL
B505,SPECIAL STUDIES/ANALYSIS- COST BENEFIT
B506,SPECIAL STUDIES/ANALYSIS- DATA (OTHER THAN SCIENTIFIC)
B507,SPECIAL STUDIES/ANALYSIS- ECONOMIC
B509,SPECIAL STUDIES/ANALYSIS- ENDANGERED SPECIES: PLANT/ANIMAL
B510,SPECIAL STUDIES/ANALYSIS- ENVIRONMENTAL ASSESSMENTS
B513,SPECIAL STUDIES/ANALYSIS- FEASIBILITY (NON-CONSTRUCTION)
B516,SPECIAL STUDIES/ANALYSIS- ANIMAL/FISHERIES
B517,SPECIAL STUDIES/ANALYSIS- GEOLOGICAL
B518,SPECIAL STUDIES/ANALYSIS- GEOPHYSICAL
B519,SPECIAL STUDIES/ANALYSIS- GEOTECHNICAL
B520,SPECIAL STUDIES/ANALYSIS- GRAZING/RANGE
B521,SPECIAL STUDIES/ANALYSIS- HISTORICAL
B522,SPECIAL STUDIES/ANALYSIS- LEGAL
B524,SPECIAL STUDIES/ANALYSIS- MATHEMATICAL/STATISTICAL
B525,SPECIAL STUDIES/ANALYSIS- NATURAL RESOURCE
B526,SPECIAL STUDIES/ANALYSIS- OCEANOLOGICAL
B527,SPECIAL STUDIES/ANALYSIS- RECREATION
B528,SPECIAL STUDIES/ANALYSIS- REGULATORY
B529,SPECIAL STUDIES/ANALYSIS- SCIENTIFIC DATA
B530,SPECIAL STUDIES/ANALYSIS- SEISMOLOGICAL
B532,SPECIAL STUDIES/ANALYSIS- SOIL
B533,SPECIAL STUDIES/ANALYSIS- WATER QUALITY
B534,SPECIAL STUDIES/ANALYSIS- WILDLIFE
B537,SPECIAL STUDIES/ANALYSIS- MEDICAL/HEALTH
B538,SPECIAL STUDIES/ANALYSIS- INTELLIGENCE
B539,SPECIAL STUDIES/ANALYSIS- AERONAUTICAL/SPACE
B540,SPECIAL STUDIES/ANALYSIS- BUILDING TECHNOLOGY
B541,SPECIAL STUDIES/ANALYSIS- DEFENSE
B542,SPECIAL STUDIES/ANALYSIS- EDUCATIONAL
B543,SPECIAL STUDIES/ANALYSIS- ENERGY
B544,SPECIAL STUDIES/ANALYSIS- TECHNOLOGY
B545,SPECIAL STUDIES/ANALYSIS- HOUSING/COMMUNITY DEVELOPMENT
B546,SPECIAL STUDIES/ANALYSIS- SECURITY (PHYSICAL/PERSONAL)
B547,SPECIAL STUDIES/ANALYSIS- ACCOUNTING/FINANCIAL MANAGEMENT
B548,SPECIAL STUDIES/ANALYSIS- TRADE ISSUE
B549,SPECIAL STUDIES/ANALYSIS- FOREIGN/NATIONAL SECURITY POLICY
B550,SPECIAL STUDIES/ANALYSIS- ORGANIZATION/ADMINISTRATIVE/PERSONNEL
B551,SPECIAL STUDIES/ANALYSIS- MOBILIZATION/PREPAREDNESS
B552,SPECIAL STUDIES/ANALYSIS- MANPOWER
B553,SPECIAL STUDIES/ANALYSIS- COMMUNICATIONS
B554,SPECIAL STUDIES/ANALYSIS- ACQUISITION POLICY/PROCEDURES
B555,SPECIAL STUDIES/ANALYSIS- ELDERLY/HANDICAPPED
B599,SPECIAL STUDIES/ANALYSIS- OTHER
C,ARCHITECT/ENGINEER SERVICES
C1,ARCH-ENG SVCS - CONSTRUCTION
C1AA,ARCHITECT AND ENGINEERING- CONSTRUCTION: OFFICE BUILDINGS
C1AB,ARCHITECT AND ENGINEERING- CONSTRUCTION: CONFERENCE SPACE AND FACILITIES
C1AZ,ARCHITECT AND ENGINEERING- CONSTRUCTION: OTHER ADMINISTRATIVE FACILITIES/SERVICE BUILDINGS
C1BA,ARCHITECT AND ENGINEERING- CONSTRUCTION: AIR TRAFFIC CONTROL TOWERS
C1BB,ARCHITECT AND ENGINEERING- CONSTRUCTION: AIR TRAFFIC CONTROL TRAINING FACILITIES
C1BC,ARCHITECT AND ENGINEERING- CONSTRUCTION: RADAR AND NAVIGATIONAL FACILITIES
C1BD,ARCHITECT AND ENGINEERING- CONSTRUCTION: AIRPORT RUNWAYS AND TAXIWAYS
C1BE,ARCHITECT AND ENGINEERING- CONSTRUCTION: AIRPORT TERMINALS
C1BF,ARCHITECT AND ENGINEERING- CONSTRUCTION: MISSILE SYSTEM FACILITIES
C1BG,ARCHITECT AND ENGINEERING- CONSTRUCTION: ELECTRONIC AND COMMUNICATIONS FACILITIES
C1BZ,ARCHITECT AND ENGINEERING- CONSTRUCTION: OTHER AIRFIELD STRUCTURES
C1CA,ARCHITECT AND ENGINEERING- CONSTRUCTION: SCHOOLS
C1CZ,ARCHITECT AND ENGINEERING- CONSTRUCTION: OTHER EDUCATIONAL BUILDINGS
C1DA,ARCHITECT AND ENGINEERING- CONSTRUCTION: HOSPITALS AND INFIRMARIES
C1DB,ARCHITECT AND ENGINEERING- CONSTRUCTION: LABORATORIES AND CLINICS
C1DZ,ARCHITECT AND ENGINEERING- CONSTRUCTION: OTHER HOSPITAL BUILDINGS
C1EA,ARCHITECT AND ENGINEERING- CONSTRUCTION: AMMUNITION FACILITIES
C1EB,ARCHITECT AND ENGINEERING- CONSTRUCTION: MAINTENANCE BUILDINGS
C1EC,ARCHITECT AND ENGINEERING- CONSTRUCTION: PRODUCTION BUILDINGS
C1ED,ARCHITECT AND ENGINEERING- CONSTRUCTION: SHIP CONSTRUCTION AND REPAIR FACILITIES
C1EE,ARCHITECT AND ENGINEERING- CONSTRUCTION: TANK AUTOMOTIVE FACILITIES
C1EZ,ARCHITECT AND ENGINEERING- CONSTRUCTION: OTHER INDUSTRIAL BUILDINGS
C1FA,ARCHITECT AND ENGINEERING- CONSTRUCTION: FAMILY HOUSING FACILITIES
C1FB,ARCHITECT AND ENGINEERING- CONSTRUCTION: RECREATIONAL BUILDINGS
C1FC,ARCHITECT AND ENGINEERING- CONSTRUCTION: TROOP HOUSING FACILITIES
C1FD,ARCHITECT AND ENGINEERING- CONSTRUCTION: DINING FACILITIES
C1FE,ARCHITECT AND ENGINEERING- CONSTRUCTION: RELIGIOUS FACILITIES
C1FF,ARCHITECT AND ENGINEERING- CONSTRUCTION: PENAL FACILITIES
C1FZ,ARCHITECT AND ENGINEERING- CONSTRUCTION: OTHER RESIDENTIAL BUILDINGS
C1GA,ARCHITECT AND ENGINEERING- CONSTRUCTION: AMMUNITION STORAGE BUILDINGS
C1GB,ARCHITECT AND ENGINEERING- CONSTRUCTION: FOOD OR GRAIN STORAGE BUILDINGS
C1GC,ARCHITECT AND ENGINEERING- CONSTRUCTION: FUEL STORAGE BUILDINGS
C1GD,ARCHITECT AND ENGINEERING- CONSTRUCTION: OPEN STORAGE FACILITIES
C1GZ,ARCHITECT AND ENGINEERING- CONSTRUCTION: OTHER WAREHOUSE BUILDINGS
C1HA,ARCHITECT AND ENGINEERING- CONSTRUCTION: GOVERNMENT-OWNED CONTRACTOR-OPERATED (GOCO) R&D FACS
C1HB,ARCHITECT AND ENGINEERING- CONSTRUCTION: GOVERNMENT-OWNED GOVERNMENT-OPERATED (GOGO) R&D FACS
C1HC,ARCHITECT AND ENGINEERING- CONSTRUCTION: GOVT-OWNED CTR-OPERATED (GOCO) ENVIRONMENTAL LABORATORIES
C1HZ,ARCHITECT AND ENGINEERING- CONSTRUCTION: GOVT-OWNED GOVT-OPERATED (GOGO) ENVIRONMENTAL LABORATORIES
C1JA,ARCHITECT AND ENGINEERING- CONSTRUCTION: MUSEUMS AND EXHIBITION BUILDINGS
C1JB,ARCHITECT AND ENGINEERING- CONSTRUCTION: TESTING AND MEASUREMENT BUILDINGS
C1JZ,ARCHITECT AND ENGINEERING- CONSTRUCTION: MISCELLANEOUS BUILDINGS
C1KA,ARCHITECT AND ENGINEERING- CONSTRUCTION: DAMS
C1KB,ARCHITECT AND ENGINEERING- CONSTRUCTION: CANALS
C1KC,ARCHITECT AND ENGINEERING- CONSTRUCTION: MINE FIRE CONTROL FACILITIES
C1KD,ARCHITECT AND ENGINEERING- CONSTRUCTION: MINE SUBSIDENCE CONTROL FACILITIES
C1KE,ARCHITECT AND ENGINEERING- CONSTRUCTION: SURFACE MINE RECLAMATION FACILITIES
C1KF,ARCHITECT AND ENGINEERING- CONSTRUCTION: DREDGING FACILITIES
C1KZ,ARCHITECT AND ENGINEERING- CONSTRUCTION: OTHER CONSERVATION AND DEVELOPMENT FACILITIES
C1LA,ARCHITECT AND ENGINEERING- CONSTRUCTION: AIRPORT SERVICE ROADS
C1LB,"ARCHITECT AND ENGINEERING- CONSTRUCTION: HIGHWAYS, ROADS, STREETS, BRIDGES, AND RAILWAYS"
C1LC,ARCHITECT AND ENGINEERING- CONSTRUCTION: TUNNELS AND SUBSURFACE STRUCTURES
C1LZ,ARCHITECT AND ENGINEERING- CONSTRUCTION: PARKING FACILITIES
C1MA,ARCHITECT AND ENGINEERING- CONSTRUCTION: EPG FACILITIES - COAL
C1MB,ARCHITECT AND ENGINEERING- CONSTRUCTION: EPG FACILITIES - GAS
C1MC,ARCHITECT AND ENGINEERING- CONSTRUCTION: EPG FACILITIES - GEOTHERMAL
C1MD,ARCHITECT AND ENGINEERING- CONSTRUCTION: EPG FACILITIES - HYDRO
C1ME,ARCHITECT AND ENGINEERING- CONSTRUCTION: EPG FACILITIES - NUCLEAR
C1MF,ARCHITECT AND ENGINEERING- CONSTRUCTION: EPG FACILITIES - PETROLEUM
C1MG,ARCHITECT AND ENGINEERING- CONSTRUCTION: EPG FACILITIES - SOLAR
C1MH,ARCHITECT AND ENGINEERING- CONSTRUCTION: EPG FACILITIES - WIND
C1MZ,"ARCHITECT AND ENGINEERING- CONSTRUCTION: EPG FACILITIES - OTHER, INCLUDING TRANSMISSION"
C1NA,ARCHITECT AND ENGINEERING- CONSTRUCTION: FUEL SUPPLY FACILITIES
C1NB,ARCHITECT AND ENGINEERING- CONSTRUCTION: HEATING AND COOLING PLANTS
C1NC,ARCHITECT AND ENGINEERING- CONSTRUCTION: POLLUTION ABATEMENT AND CONTROL FACILITIES
C1ND,ARCHITECT AND ENGINEERING- CONSTRUCTION: SEWAGE AND WASTE FACILITIES
C1NE,ARCHITECT AND ENGINEERING- CONSTRUCTION: WATER SUPPLY FACILITIES
C1NZ,ARCHITECT AND ENGINEERING- CONSTRUCTION: OTHER UTILITIES
C1PA,ARCHITECT AND ENGINEERING- CONSTRUCTION: RECREATIONAL FACILITIES (NON-BUILDING)
C1PB,ARCHITECT AND ENGINEERING- CONSTRUCTION: EXHIBIT DESIGN (NON-BUILDING)
C1PC,ARCHITECT AND ENGINEERING- CONSTRUCTION: UNIMPROVED REAL PROPERTY (LAND)
C1PD,ARCHITECT AND ENGINEERING- CONSTRUCTION: WASTE TREATMENT AND STORAGE FACILITIES
C1PZ,ARCHITECT AND ENGINEERING- CONSTRUCTION: OTHER NON-BUILDING FACILITIES
C1QA,ARCHITECT AND ENGINEERING- CONSTRUCTION: RESTORATION OF REAL PROPERTY (PUBLIC OR PRIVATE)
C2,ARCH-ENG SVCS - GENERAL
C211,"ARCHITECT AND ENGINEERING- GENERAL: LANDSCAPING, INTERIOR LAYOUT, AND DESIGNING"
C212,"ARCHITECT AND ENGINEERING- GENERAL: ENGINEERING DRAFTING, NOT CAD/CAM"
C213,ARCHITECT AND ENGINEERING- GENERAL: INSPECTION (NON-CONSTRUCTION)
C214,ARCHITECT AND ENGINEERING- GENERAL: MANAGEMENT ENGINEERING
C215,ARCHITECT AND ENGINEERING- GENERAL: PRODUCTION ENGINEERING
C216,ARCHITECT AND ENGINEERING- GENERAL: MARINE ENGINEERING
C219,ARCHITECT AND ENGINEERING- GENERAL: OTHER
C220,ARCHITECT AND ENGINEERING- GENERAL: STRUCTURAL ENGINEERING
C221,ARCHITECT AND ENGINEERING- GENERAL: PLUMBING SYSTEMS
C222,ARCHITECT AND ENGINEERING- GENERAL: ELECTRICAL SYSTEMS
C223,ARCHITECT AND ENGINEERING- GENERAL: MECHANICAL SYSTEMS
D,IT AND TELECOM - INFORMATION TECHNOLOGY AND TELECOMMUNICATIONS
DA,IT AND TELECOM - APLLICATIONS
DA01,IT AND TELECOM - BUSINESS APPLICATION/APPLICATION DEVELOPMENT SUPPORT SERVICES (LABOR)
DA10,IT AND TELECOM - BUSINESS APPLICATION/APPLICATION DEVELOPMENT SOFTWARE AS A SERVICE
DB,IT AND TELECOM - COMPUTE
DB01,IT AND TELECOM - HIGH PERFORMANCE COMPUTING (HPC) SUPPORT SERVICES (LABOR)
DB02,"IT AND TELECOM - COMPUTE SUPPORT SERVICES, NON-HPC (LABOR)"
DB10,IT AND TELECOM - COMPUTE AS A SERVICE: MAINFRAME/SERVERS
DC,IT AND TELECOM - DATA CENTER
DC01,IT AND TELECOM - DATA CENTER SUPPORT SERVICES (LABOR)
DC10,IT AND TELECOM - DATA CENTER AS A SERVICE
DD,IT AND TELECOM - DELIVERY
DD01,"IT AND TELECOM - SERVICE DELIVERY SUPPORT SERVICES: ITSM, OPERATIONS CENTER, PROJECT/PM (LABOR)"
DE,IT AND TELECOM - END USER
DE01,"IT and Telecom - End User: Help Desk; Tier 1-2, Workspace, Print, Output, Productivity Tools (Labor)"
DE02,IT AND TELECOM - MOBILE DEVICE SUPPORT SERVICES (LABOR)
DE10,"IT and Telecom - End User as a Service: Help Desk;Tier 1-2,Workspace,Print,Output,Productivity Tools"
DE11,IT AND TELECOM - MOBILE DEVICE AS A SERVICE
DF,IT AND TELECOM - IT MANAGEMENT
DF01,IT AND TELECOM - IT MANAGEMENT SUPPORT SERVICES (LABOR)
DF10,IT AND TELECOM - IT MANAGEMENT AS A SERVICE
DG,IT AND TELECOM - NETWORK
DG01,IT AND TELECOM - NETWORK SUPPORT SERVICES (LABOR)
DG10,IT AND TELECOM - NETWORK AS A SERVICE
DG11,IT and Telecom - Network: Satellite Communications and Telecom Access Services
DH,IT AND TELECOM - PLATFORM
DH01,"IT AND TELECOM - PLATFORM SUPPORT SERVICES: DATABASE, MAINFRAME, MIDDLEWARE (LABOR)"
DH10,"IT AND TELECOM - PLATFORM AS A SERVICE: DATABASE, MAINFRAME, MIDDLEWARE"
DJ,IT AND TELECOM - SECURITY AND COMPLIANCE
DJ01,IT AND TELECOM - SECURITY AND COMPLIANCE SUPPORT SERVICES (LABOR)
DJ10,IT AND TELECOM - SECURITY AND COMPLIANCE AS A SERVICE
DK,IT AND TELECOM - STORAGE
DK01,IT AND TELECOM - STORAGE SUPPORT SERVICES (LABOR)
DK10,IT AND TELECOM - STORAGE AS A SERVICE
E,PURCHASE OF STRUCTURES/FACILITIES
E1,PURCHASE BUILDINGS
E1AA,PURCHASE OF OFFICE BUILDINGS
E1AB,PURCHASE OF CONFERENCE SPACE AND FACILITIES
E1AZ,PURCHASE OF OTHER ADMINISTRATIVE FACILITIES AND SERVICE BUILDINGS
E1BA,PURCHASE OF AIR TRAFFIC CONTROL TOWERS
E1BB,PURCHASE OF AIR TRAFFIC CONTROL TRAINING FACILITIES
E1BC,PURCHASE OF RADAR AND NAVIGATIONAL FACILITIES
E1BD,PURCHASE OF AIRPORT RUNWAYS AND TAXIWAYS
E1BE,PURCHASE OF AIRPORT TERMINALS
E1BF,PURCHASE OF MISSILE SYSTEM FACILITIES
E1BG,PURCHASE OF ELECTRONIC AND COMMUNICATIONS FACILITIES
E1BZ,PURCHASE OF OTHER AIRFIELD STRUCTURES
E1CA,PURCHASE OF SCHOOLS
E1CZ,PURCHASE OF OTHER EDUCATIONAL BUILDINGS
E1DA,PURCHASE OF HOSPITALS AND INFIRMARIES
E1DB,PURCHASE OF LABORATORIES AND CLINICS
E1DZ,PURCHASE OF OTHER HOSPITAL BUILDINGS
E1EA,PURCHASE OF AMMUNITION FACILITIES
E1EB,PURCHASE OF MAINTENANCE BUILDINGS
E1EC,PURCHASE OF PRODUCTION BUILDINGS
E1ED,PURCHASE OF SHIP CONSTRUCTION AND REPAIR FACILITIES
E1EE,PURCHASE OF TANK AUTOMOTIVE FACILITIES
E1EZ,PURCHASE OF OTHER INDUSTRIAL BUILDINGS
E1FA,PURCHASE OF FAMILY HOUSING FACILITIES
E1FB,PURCHASE OF RECREATIONAL BUILDINGS
E1FC,PURCHASE OF TROOP HOUSING FACILITIES
E1FD,PURCHASE OF DINING FACILITIES
E1FE,PURCHASE OF RELIGIOUS FACILITIES
E1FF,PURCHASE OF PENAL FACILITIES
E1FZ,PURCHASE OF OTHER RESIDENTIAL BUILDINGS
E1GA,PURCHASE OF AMMUNITION STORAGE BUILDINGS
E1GB,PURCHASE OF FOOD OR GRAIN STORAGE BUILDINGS
E1GC,PURCHASE OF FUEL STORAGE BUILDINGS
E1GD,PURCHASE OF OPEN STORAGE FACILITIES
E1GZ,PURCHASE OF OTHER WAREHOUSE BUILDINGS
E1HA,PURCHASE OF GOVERNMENT-OWNED CONTRACTOR-OPERATED (GOCO) R&D FACILITIES
E1HB,PURCHASE OF GOVERNMENT-OWNED GOVERNMENT-OPERATED (GOGO) R&D FACILITIES
E1HC,PURCHASE OF GOVERNMENT-OWNED CONTRACTOR-OPERATED (GOCO) ENVIRONMENTAL LABORATORIES
E1HZ,PURCHASE OF GOVERNMENT-OWNED GOVERNMENT-OPERATED (GOGO) ENVIRONMENTAL LABORATORIES
E1JA,PURCHASE OF MUSEUMS AND EXHIBITION BUILDINGS
E1JB,PURCHASE OF TESTING AND MEASUREMENT BUILDINGS
E1JZ,PURCHASE OF MISCELLANEOUS BUILDINGS
E1KA,PURCHASE OF DAMS
E1KB,PURCHASE OF CANALS
E1KC,PURCHASE OF MINE FIRE CONTROL FACILITIES
E1KD,PURCHASE OF MINE SUBSIDENCE CONTROL FACILITIES
E1KE,PURCHASE OF SURFACE MINE RECLAMATION FACILITIES
E1KF,PURCHASE OF DREDGING FACILITIES
E1KZ,PURCHASE OF OTHER CONSERVATION AND DEVELOPMENT FACILITIES
E1LA,PURCHASE OF AIRPORT SERVICE ROADS
E1LB,"PURCHASE OF HIGHWAYS, ROADS, STREETS, BRIDGES, AND RAILWAYS"
E1LC,PURCHASE OF TUNNELS AND SUBSURFACE STRUCTURES
E1LZ,PURCHASE OF PARKING FACILITIES
E1MA,PURCHASE OF EPG FACILITIES - COAL
E1MB,PURCHASE OF EPG FACILITIES - GAS
E1MC,PURCHASE OF EPG FACILITIES - GEOTHERMAL
E1MD,PURCHASE OF EPG FACILITIES - HYDRO
E1ME,PURCHASE OF EPG FACILITIES - NUCLEAR
E1MF,PURCHASE OF EPG FACILITIES - PETROLEUM
E1MG,PURCHASE OF EPG FACILITIES - SOLAR
E1MH,PURCHASE OF EPG FACILITIES - WIND
E1MZ,"PURCHASE OF EPG FACILITIES - OTHER, INCLUDING TRANSMISSION"
E1NA,PURCHASE OF FUEL SUPPLY FACILITIES
E1NB,PURCHASE OF HEATING AND COOLING PLANTS
E1NC,PURCHASE OF POLLUTION ABATEMENT AND CONTROL FACILITIES
E1ND,PURCHASE OF SEWAGE AND WASTE FACILITIES
E1NE,PURCHASE OF WATER SUPPLY FACILITIES
E1NZ,PURCHASE OF OTHER UTILITIES
E1PA,PURCHASE OF RECREATIONAL FACILITIES (NON-BUILDING)
E1PB,PURCHASE OF EXHIBIT DESIGN (NON-BUILDING)
E1PC,PURCHASE OF UNIMPROVED REAL PROPERTY (LAND)
E1PD,PURCHASE OF WASTE TREATMENT AND STORAGE FACILITIES
E1PZ,PURCHASE OF OTHER NON-BUILDING FACILITIES
E1QA,PURCHASE OF RESTORATION OF REAL PROPERTY (PUBLIC OR PRIVATE)
E2,PURCHASE FACILITY NOT A BUILDING
E3,PURCH RESTORATION OF REAL PROPERTY
F,NATURAL RESOURCES MANAGEMENT
F0,NATURAL RESOURCE CONSERVERVAT SVCS
F001,NATURAL RESOURCES/CONSERVATION- AERIAL FERTILIZATION/SPRAYING
F002,NATURAL RESOURCES/CONSERVATION- AERIAL SEEDING
F003,NATURAL RESOURCES/CONSERVATION- FOREST-RANGE FIRE SUPPRESSION/PRESUPPRESSION
F004,NATURAL RESOURCES/CONSERVATION- FOREST/RANGE FIRE REHABILITATION (NON-CONSTRUCTION)
F005,NATURAL RESOURCES/CONSERVATION- FOREST TREE PLANTING
F006,NATURAL RESOURCES/CONSERVATION- LAND TREATMENT PRACTICES
F007,NATURAL RESOURCES/CONSERVATION- RANGE SEEDING (GROUND EQUIPMENT)
F008,NATURAL RESOURCES/CONSERVATION- RECREATION SITE MAINTENANCE (NON-CONSTRUCTION)
F009,NATURAL RESOURCES/CONSERVATION- SEED COLLECTION/PRODUCTION
F010,NATURAL RESOURCES/CONSERVATION- SEEDLING PRODUCTION/TRANSPLANTING
F011,NATURAL RESOURCES/CONSERVATION- SURFACE MINING RECLAMATION (NON-CONSTRUCTION)
F012,NATURAL RESOURCES/CONSERVATION- SURVEY LINE CLEARING
F013,NATURAL RESOURCES/CONSERVATION- TREE BREEDING
F014,NATURAL RESOURCES/CONSERVATION- TREE THINNING
F015,NATURAL RESOURCES/CONSERVATION- WELL DRILLING/EXPLORATORY
F016,NATURAL RESOURCES/CONSERVATION- WILDHORSE/BURRO CONTROL
F018,NATURAL RESOURCES/CONSERVATION- OTHER FOREST/RANGE IMPROVEMENTS (NON-CONSTRUCTION)
F019,NATURAL RESOURCES/CONSERVATION- OTHER WILDLIFE MANAGEMENT
F020,NATURAL RESOURCES/CONSERVATION- FISHERIES RESOURCES MANAGEMENT
F021,NATURAL RESOURCES/CONSERVATION- SITE PREPARATION
F022,NATURAL RESOURCES/CONSERVATION- FISH HATCHERY
F099,NATURAL RESOURCES/CONSERVATION- OTHER
F1,ENVIRONMENTAL SYSTEMS PROTECTION
F101,ENVIRONMENTAL SYSTEMS PROTECTION- AIR QUALITY SUPPORT
F103,ENVIRONMENTAL SYSTEMS PROTECTION- WATER QUALITY SUPPORT
F105,ENVIRONMENTAL SYSTEMS PROTECTION- PESTICIDES SUPPORT
F107,ENVIRONMENTAL SYSTEMS PROTECTION- TOXIC AND HAZARDOUS SUBSTANCE ANALYSIS
F108,ENVIRONMENTAL SYSTEMS PROTECTION- ENVIRONMENTAL REMEDIATION
F109,ENVIRONMENTAL SYSTEMS PROTECTION- LEAKING UNDERGROUND STORAGE TANK SUPPORT
F110,"ENVIRON SYS PROTECT- DEVELOPMENT OF ENVIRON IMPACT STMTS/ASSESSMENTS, TECH ANALYSIS/ENVIRON AUDITS"
F111,ENVIRONMENTAL SYSTEMS PROTECTION- MULTIPLE POLLUTANT SUPPORT
F112,ENVIRONMENTAL SYSTEMS PROTECTION- OIL SPILL RESPONSE
F113,ENVIRONMENTAL SYSTEMS PROTECTION- WETLANDS CONSERVATION AND SUPPORT
F114,ENVIRONMENTAL SYSTEMS PROTECTION- ENVIRONMENTAL LICENSING AND PERMITTING
F115,ENVIRONMENTAL SYSTEMS PROTECTION- ENVIRONMENTAL CONSULTING AND LEGAL SUPPORT
F9,NATURAL RESOURCES - OTHER SVCS
F999,OTHER ENVIRONMENTAL SERVICES
G,SOCIAL SERVICES
G0,SOCIAL SERVICES
G001,SOCIAL- CARE OF REMAINS AND/OR FUNERAL
G002,SOCIAL- CHAPLAIN
G003,SOCIAL- RECREATIONAL
G004,SOCIAL- SOCIAL REHABILITATION
G005,SOCIAL- GERIATRIC
G006,SOCIAL- GOVERNMENT LIFE INSURANCE PROGRAMS
G007,SOCIAL- GOVERNMENT HEALTH INSURANCE PROGRAMS
G008,SOCIAL- GOVERNMENT INSURANCE PROGRAMS: OTHER
G009,SOCIAL- NON-GOVERNMENT INSURANCE PROGRAMS
G010,SOCIAL- DIRECT AID TO TRIBAL GOVERNMENTS (PL 93-638)
G099,SOCIAL- OTHER
H,"QUALITY CONTROL, TEST, INSPECTION"
H1,QUALITY CONTROL SERVICES
H110,QUALITY CONTROL- WEAPONS
H111,QUALITY CONTROL- NUCLEAR ORDNANCE
H112,QUALITY CONTROL- FIRE CONTROL EQUIPMENT
H113,QUALITY CONTROL- AMMUNITION AND EXPLOSIVES
H114,QUALITY CONTROL- GUIDED MISSILES
H115,QUALITY CONTROL- AIRCRAFT AND AIRFRAME STRUCTURAL COMPONENTS
H116,QUALITY CONTROL- AIRCRAFT COMPONENTS AND ACCESSORIES
H117,"QUALITY CONTROL- AIRCRAFT LAUNCHING, LANDING, AND GROUND HANDLING EQUIPMENT"
H118,QUALITY CONTROL- SPACE VEHICLES
H119,"QUALITY CONTROL- SHIPS, SMALL CRAFT, PONTOONS, AND FLOATING DOCKS"
H120,QUALITY CONTROL- SHIP AND MARINE EQUIPMENT
H122,QUALITY CONTROL- RAILWAY EQUIPMENT
H123,"QUALITY CONTROL- GROUND EFFECT VEHICLES, MOTOR VEHICLES, TRAILERS, AND CYCLES"
H124,QUALITY CONTROL- TRACTORS
H125,QUALITY CONTROL- VEHICULAR EQUIPMENT COMPONENTS
H126,QUALITY CONTROL- TIRES AND TUBES
H128,"QUALITY CONTROL- ENGINES, TURBINES, AND COMPONENTS"
H129,QUALITY CONTROL- ENGINE ACCESSORIES
H130,QUALITY CONTROL- MECHANICAL POWER TRANSMISSION EQUIPMENT
H131,QUALITY CONTROL- BEARINGS
H132,QUALITY CONTROL- WOODWORKING MACHINERY AND EQUIPMENT
H134,QUALITY CONTROL- METALWORKING MACHINERY
H135,QUALITY CONTROL- SERVICE AND TRADE EQUIPMENT
H136,QUALITY CONTROL- SPECIAL INDUSTRY MACHINERY
H137,QUALITY CONTROL- AGRICULTURAL MACHINERY AND EQUIPMENT
H138,"QUALITY CONTROL- CONSTRUCTION, MINING, EXCAVATING, AND HIGHWAY MAINTENANCE EQUIPMENT"
H139,QUALITY CONTROL- MATERIALS HANDLING EQUIPMENT
H140,"QUALITY CONTROL- ROPE, CABLE, CHAIN, AND FITTINGS"
H141,"QUALITY CONTROL- REFRIGERATION, AIR CONDITIONING, AND AIR CIRCULATING EQUIPMENT"
H142,QUALITY CONTROL- FIRE FIGHTING/RESCUE/SAFETY EQUIPMENT; ENVIRON PROTECT EQUIPMENT/MATLS
H143,QUALITY CONTROL- PUMPS AND COMPRESSORS
H144,"QUALITY CONTROL- FURNACE, STEAM PLANT, AND DRYING EQUIPMENT; NUCLEAR REACTORS"
H145,"QUALITY CONTROL- PLUMBING, HEATING, AND WASTE DISPOSAL EQUIPMENT"
H146,QUALITY CONTROL- WATER PURIFICATION AND SEWAGE TREATMENT EQUIPMENT
H147,"QUALITY CONTROL- PIPE, TUBING, HOSE, AND FITTINGS"
H148,QUALITY CONTROL- VALVES
H149,QUALITY CONTROL- MAINTENANCE AND REPAIR SHOP EQUIPMENT
H151,QUALITY CONTROL- HAND TOOLS
H152,QUALITY CONTROL- MEASURING TOOLS
H153,QUALITY CONTROL- HARDWARE AND ABRASIVES
H154,QUALITY CONTROL- PREFABRICATED STRUCTURES AND SCAFFOLDING
H155,"QUALITY CONTROL- LUMBER, MILLWORK, PLYWOOD, AND VENEER"
H156,QUALITY CONTROL- CONSTRUCTION AND BUILDING MATERIALS
H158,"QUALITY CONTROL- COMMUNICATION, DETECTION, AND COHERENT RADIATION EQUIPMENT"
H159,QUALITY CONTROL- ELECTRICAL AND ELECTRONIC EQUIPMENT COMPONENTS
H160,"QUALITY CONTROL- FIBER OPTICS MATERIALS, COMPONENTS, ASSEMBLIES, AND ACCESSORIES"
H161,QUALITY CONTROL- ELECTRIC WIRE AND POWER DISTRIBUTION EQUIPMENT
H162,QUALITY CONTROL- LIGHTING FIXTURES AND LAMPS
H163,"QUALITY CONTROL- ALARM, SIGNAL, AND SECURITY DETECTION SYSTEMS"
H165,"QUALITY CONTROL- MEDICAL, DENTAL, AND VETERINARY EQUIPMENT AND SUPPLIES"
H166,QUALITY CONTROL- INSTRUMENTS AND LABORATORY EQUIPMENT
H167,QUALITY CONTROL- PHOTOGRAPHIC EQUIPMENT
H168,QUALITY CONTROL- CHEMICALS AND CHEMICAL PRODUCTS
H169,QUALITY CONTROL- TRAINING AIDS AND DEVICES
H171,QUALITY CONTROL- FURNITURE
H172,QUALITY CONTROL- HOUSEHOLD AND COMMERCIAL FURNISHINGS AND APPLIANCES
H173,QUALITY CONTROL- FOOD PREPARATION AND SERVING EQUIPMENT
H174,"QUALITY CONTROL- OFFICE MACHINES, TEXT PROCESSING SYSTEMS, AND VISIBLE RECORD EQUIPMENT"
H175,QUALITY CONTROL- OFFICE SUPPLIES AND DEVICES
H176,"QUALITY CONTROL- BOOKS, MAPS, AND OTHER PUBLICATIONS"
H177,QUALITY CONTROL- MUSICAL INST/PHONOGRAPH/HOME RADIO
H178,QUALITY CONTROL- RECREATIONAL AND ATHLETIC EQUIPMENT
H179,QUALITY CONTROL- CLEANING EQUIPMENT AND SUPPLIES
H180,"QUALITY CONTROL- BRUSHES, PAINTS, SEALERS, AND ADHESIVES"
H181,"QUALITY CONTROL- CONTAINERS, PACKAGING, AND PACKING SUPPLIES"
H183,"QUALITY CONTROL- TEXTILES, LEATHER, FURS, APPAREL AND SHOE FINDINGS, TENTS AND FLAGS"
H184,"QUALITY CONTROL- CLOTHING, INDIVIDUAL EQUIPMENT, AND INSIGNIA"
H185,QUALITY CONTROL- TOILETRIES
H187,QUALITY CONTROL- AGRICULTURAL SUPPLIES
H188,QUALITY CONTROL- LIVE ANIMALS
H189,QUALITY CONTROL- SUBSISTENCE
H191,"QUALITY CONTROL- FUELS, LUBRICANTS, OILS, AND WAXES"
H193,QUALITY CONTROL- NONMETALLIC FABRICATED MATERIALS
H194,QUALITY CONTROL- NONMETALLIC CRUDE MATERIALS
H195,"QUALITY CONTROL- METAL BARS, SHEETS, AND SHAPES"
H196,"QUALITY CONTROL- ORES, MINERALS, AND THEIR PRIMARY PRODUCTS"
H199,QUALITY CONTROL- MISCELLANEOUS
H2,EQUIPMENT AND MATERIALS TESTING
H210,EQUIPMENT AND MATERIALS TESTING- WEAPONS
H211,EQUIPMENT AND MATERIALS TESTING- NUCLEAR ORDNANCE
H212,EQUIPMENT AND MATERIALS TESTING- FIRE CONTROL EQUIPMENT
H213,EQUIPMENT AND MATERIALS TESTING- AMMUNITION AND EXPLOSIVES
H214,EQUIPMENT AND MATERIALS TESTING- GUIDED MISSILES
H215,EQUIPMENT AND MATERIALS TESTING- AIRCRAFT AND AIRFRAME STRUCTURAL COMPONENTS
H216,EQUIPMENT AND MATERIALS TESTING- AIRCRAFT COMPONENTS AND ACCESSORIES
H217,"EQUIPMENT AND MATERIALS TESTING- AIRCRAFT LAUNCHING, LANDING, AND GROUND HANDLING EQUIPMENT"
H218,EQUIPMENT AND MATERIALS TESTING- SPACE VEHICLES
H219,"EQUIPMENT AND MATERIALS TESTING- SHIPS, SMALL CRAFT, PONTOONS, AND FLOATING DOCKS"
H220,EQUIPMENT AND MATERIALS TESTING- SHIP AND MARINE EQUIPMENT
H222,EQUIPMENT AND MATERIALS TESTING- RAILWAY EQUIPMENT
H223,"EQUIPMENT AND MATERIALS TESTING- GROUND EFFECT VEHICLES, MOTOR VEHICLES, TRAILERS, AND CYCLES"
H224,EQUIPMENT AND MATERIALS TESTING- TRACTORS
H225,EQUIPMENT AND MATERIALS TESTING- VEHICULAR EQUIPMENT COMPONENTS
H226,EQUIPMENT AND MATERIALS TESTING- TIRES AND TUBES
H228,"EQUIPMENT AND MATERIALS TESTING- ENGINES, TURBINES, AND COMPONENTS"
H229,EQUIPMENT AND MATERIALS TESTING- ENGINE ACCESSORIES
H230,EQUIPMENT AND MATERIALS TESTING- MECHANICAL POWER TRANSMISSION EQUIPMENT
H231,EQUIPMENT AND MATERIALS TESTING- BEARINGS
H232,EQUIPMENT AND MATERIALS TESTING- WOODWORKING MACHINERY AND EQUIPMENT
H234,EQUIPMENT AND MATERIALS TESTING- METALWORKING MACHINERY
H235,EQUIPMENT AND MATERIALS TESTING- SERVICE AND TRADE EQUIPMENT
H236,EQUIPMENT AND MATERIALS TESTING- SPECIAL INDUSTRY MACHINERY
H237,EQUIPMENT AND MATERIALS TESTING- AGRICULTURAL MACHINERY AND EQUIPMENT
H238,"EQUIPMENT AND MATERIALS TESTING- CONSTRUCTION, MINING, EXCAVATING, AND HIGHWAY MAINTENANCE EQUIPMENT"
H239,EQUIPMENT AND MATERIALS TESTING- MATERIALS HANDLING EQUIPMENT
H240,"EQUIPMENT AND MATERIALS TESTING- ROPE, CABLE, CHAIN, AND FITTINGS"
H241,"EQUIPMENT AND MATERIALS TESTING- REFRIGERATION, AIR CONDITIONING, AND AIR CIRCULATING EQUIPMENT"
H242,EQUIP/MATERIALS TESTING- FIRE FIGHTING/RESCUE/SAFETY EQUIPMENT; ENVIRON PROTECT EQUIPMENT/MATLS
H243,EQUIPMENT AND MATERIALS TESTING- PUMPS AND COMPRESSORS
H244,"EQUIPMENT AND MATERIALS TESTING- FURNACE, STEAM PLANT, AND DRYING EQUIPMENT; NUCLEAR REACTORS"
H245,"EQUIPMENT AND MATERIALS TESTING- PLUMBING, HEATING, AND WASTE DISPOSAL EQUIPMENT"
H246,EQUIPMENT AND MATERIALS TESTING- WATER PURIFICATION AND SEWAGE TREATMENT EQUIPMENT
H247,"EQUIPMENT AND MATERIALS TESTING- PIPE, TUBING, HOSE, AND FITTINGS"
H248,EQUIPMENT AND MATERIALS TESTING- VALVES
H249,EQUIPMENT AND MATERIALS TESTING- MAINTENANCE AND REPAIR SHOP EQUIPMENT
H251,EQUIPMENT AND MATERIALS TESTING- HAND TOOLS
H252,EQUIPMENT AND MATERIALS TESTING- MEASURING TOOLS
H253,EQUIPMENT AND MATERIALS TESTING- HARDWARE AND ABRASIVES
H254,EQUIPMENT AND MATERIALS TESTING- PREFABRICATED STRUCTURES AND SCAFFOLDING
H255,"EQUIPMENT AND MATERIALS TESTING- LUMBER, MILLWORK, PLYWOOD, AND VENEER"
H256,EQUIPMENT AND MATERIALS TESTING- CONSTRUCTION AND BUILDING MATERIALS
H258,"EQUIPMENT AND MATERIALS TESTING- COMMUNICATION, DETECTION, AND COHERENT RADIATION EQUIPMENT"
H259,EQUIPMENT AND MATERIALS TESTING- ELECTRICAL AND ELECTRONIC EQUIPMENT COMPONENTS
H260,"EQUIPMENT AND MATERIALS TESTING- FIBER OPTICS MATERIALS, COMPONENTS, ASSEMBLIES, AND ACCESSORIES"
H261,EQUIPMENT AND MATERIALS TESTING- ELECTRIC WIRE AND POWER DISTRIBUTION EQUIPMENT
H262,EQUIPMENT AND MATERIALS TESTING- LIGHTING FIXTURES AND LAMPS
H263,"EQUIPMENT AND MATERIALS TESTING- ALARM, SIGNAL, AND SECURITY DETECTION SYSTEMS"
H265,"EQUIPMENT AND MATERIALS TESTING- MEDICAL, DENTAL, AND VETERINARY EQUIPMENT AND SUPPLIES"
H266,EQUIPMENT AND MATERIALS TESTING- INSTRUMENTS AND LABORATORY EQUIPMENT
H267,EQUIPMENT AND MATERIALS TESTING- PHOTOGRAPHIC EQUIPMENT
H268,EQUIPMENT AND MATERIALS TESTING- CHEMICALS AND CHEMICAL PRODUCTS
H269,EQUIPMENT AND MATERIALS TESTING- TRAINING AIDS AND DEVICES
H270,EQUIPMENT AND MATERIALS TESTING- ADP EQUIPMENT/SOFTWARE/SUPPLIES/SUPPORT EQUIPMENT
H271,EQUIPMENT AND MATERIALS TESTING- FURNITURE
H272,EQUIPMENT AND MATERIALS TESTING- HOUSEHOLD AND COMMERCIAL FURNISHINGS AND APPLIANCES
H273,EQUIPMENT AND MATERIALS TESTING- FOOD PREPARATION AND SERVING EQUIPMENT
H274,"EQUIPMENT/MATERIALS TESTING- OFFICE MACHINES, TEXT PROCESSING SYSTEMS, AND VISIBLE RECORD EQUIPMENT"
H275,EQUIPMENT AND MATERIALS TESTING- OFFICE SUPPLIES AND DEVICES
H276,"EQUIPMENT AND MATERIALS TESTING- BOOKS, MAPS, AND OTHER PUBLICATIONS"
H277,EQUIPMENT AND MATERIALS TESTING- MUSICAL INST/PHONOGRAPH/HOME RADIO
H278,EQUIPMENT AND MATERIALS TESTING- RECREATIONAL AND ATHLETIC EQUIPMENT
H279,EQUIPMENT AND MATERIALS TESTING- CLEANING EQUIPMENT AND SUPPLIES
H280,"EQUIPMENT AND MATERIALS TESTING- BRUSHES, PAINTS, SEALERS, AND ADHESIVES"
H281,"EQUIPMENT AND MATERIALS TESTING- CONTAINERS, PACKAGING, AND PACKING SUPPLIES"
H283,"EQUIPMENT AND MATERIALS TESTING- TEXTILES, LEATHER, FURS, APPAREL AND SHOE FINDINGS, TENTS AND FLAGS"
H284,"EQUIPMENT AND MATERIALS TESTING- CLOTHING, INDIVIDUAL EQUIPMENT, AND INSIGNIA"
H285,EQUIPMENT AND MATERIALS TESTING- TOILETRIES
H287,EQUIPMENT AND MATERIALS TESTING- AGRICULTURAL SUPPLIES
H288,EQUIPMENT AND MATERIALS TESTING- LIVE ANIMALS
H289,EQUIPMENT AND MATERIALS TESTING- SUBSISTENCE
H291,"EQUIPMENT AND MATERIALS TESTING- FUELS, LUBRICANTS, OILS, AND WAXES"
H293,EQUIPMENT AND MATERIALS TESTING- NONMETALLIC FABRICATED MATERIALS
H294,EQUIPMENT AND MATERIALS TESTING- NONMETALLIC CRUDE MATERIALS
H295,"EQUIPMENT AND MATERIALS TESTING- METAL BARS, SHEETS, AND SHAPES"
H296,"EQUIPMENT AND MATERIALS TESTING- ORES, MINERALS, AND THEIR PRIMARY PRODUCTS"
H299,EQUIPMENT AND MATERIALS TESTING- MISCELLANEOUS
H3,INSPECTION SERVICES
H310,INSPECTION- WEAPONS
H311,INSPECTION- NUCLEAR ORDNANCE
H312,INSPECTION- FIRE CONTROL EQUIPMENT
H313,INSPECTION- AMMUNITION AND EXPLOSIVES
H314,INSPECTION- GUIDED MISSILES
H315,INSPECTION- AIRCRAFT AND AIRFRAME STRUCTURAL COMPONENTS
H316,INSPECTION- AIRCRAFT COMPONENTS AND ACCESSORIES
H317,"INSPECTION- AIRCRAFT LAUNCHING, LANDING, AND GROUND HANDLING EQUIPMENT"
H318,INSPECTION- SPACE VEHICLES
H319,"INSPECTION- SHIPS, SMALL CRAFT, PONTOONS, AND FLOATING DOCKS"
H320,INSPECTION- SHIP AND MARINE EQUIPMENT
H322,INSPECTION- RAILWAY EQUIPMENT
H323,"INSPECTION- GROUND EFFECT VEHICLES, MOTOR VEHICLES, TRAILERS, AND CYCLES"
H324,INSPECTION- TRACTORS
H325,INSPECTION- VEHICULAR EQUIPMENT COMPONENTS
H326,INSPECTION- TIRES AND TUBES
H328,"INSPECTION- ENGINES, TURBINES, AND COMPONENTS"
H329,INSPECTION- ENGINE ACCESSORIES
H330,INSPECTION- MECHANICAL POWER TRANSMISSION EQUIPMENT
H331,INSPECTION- BEARINGS
H332,INSPECTION- WOODWORKING MACHINERY AND EQUIPMENT
H334,INSPECTION- METALWORKING MACHINERY
H335,INSPECTION- SERVICE AND TRADE EQUIPMENT
H336,INSPECTION- SPECIAL INDUSTRY MACHINERY
H337,INSPECTION- AGRICULTURAL MACHINERY AND EQUIPMENT
H338,"INSPECTION- CONSTRUCTION, MINING, EXCAVATING, AND HIGHWAY MAINTENANCE EQUIPMENT"
H339,INSPECTION- MATERIALS HANDLING EQUIPMENT
H340,"INSPECTION- ROPE, CABLE, CHAIN, AND FITTINGS"
H341,"INSPECTION- REFRIGERATION, AIR CONDITIONING, AND AIR CIRCULATING EQUIPMENT"
H342,INSPECTION- FIRE FIGHTING/RESCUE/SAFETY EQUIPMENT; ENVIRON PROTECT EQUIPMENT/MATLS
H343,INSPECTION- PUMPS AND COMPRESSORS
H344,"INSPECTION- FURNACE, STEAM PLANT, AND DRYING EQUIPMENT; NUCLEAR REACTORS"
H345,"INSPECTION- PLUMBING, HEATING, AND WASTE DISPOSAL EQUIPMENT"
H346,INSPECTION- WATER PURIFICATION AND SEWAGE TREATMENT EQUIPMENT
H347,"INSPECTION- PIPE, TUBING, HOSE, AND FITTINGS"
H348,INSPECTION- VALVES
H349,INSPECTION- MAINTENANCE AND REPAIR SHOP EQUIPMENT
H351,INSPECTION- HAND TOOLS
H352,INSPECTION- MEASURING TOOLS
H353,INSPECTION- HARDWARE AND ABRASIVES
H354,INSPECTION- PREFABRICATED STRUCTURES AND SCAFFOLDING
H355,"INSPECTION- LUMBER, MILLWORK, PLYWOOD, AND VENEER"
H356,INSPECTION- CONSTRUCTION AND BUILDING MATERIALS
H358,"INSPECTION- COMMUNICATION, DETECTION, AND COHERENT RADIATION EQUIPMENT"
H359,INSPECTION- ELECTRICAL AND ELECTRONIC EQUIPMENT COMPONENTS
H360,"INSPECTION- FIBER OPTICS MATERIALS, COMPONENTS, ASSEMBLIES, AND ACCESSORIES"
H361,INSPECTION- ELECTRIC WIRE AND POWER DISTRIBUTION EQUIPMENT
H362,INSPECTION- LIGHTING FIXTURES AND LAMPS
H363,"INSPECTION- ALARM, SIGNAL, AND SECURITY DETECTION SYSTEMS"
H365,"INSPECTION- MEDICAL, DENTAL, AND VETERINARY EQUIPMENT AND SUPPLIES"
H366,INSPECTION- INSTRUMENTS AND LABORATORY EQUIPMENT
H367,INSPECTION- PHOTOGRAPHIC EQUIPMENT
H368,INSPECTION- CHEMICALS AND CHEMICAL PRODUCTS
H369,INSPECTION- TRAINING AIDS AND DEVICES
H370,INSPECTION- ADP EQUIPMENT/SOFTWARE/SUPPLIES/SUPPORT EQUIPMENT
H371,INSPECTION- FURNITURE
H372,INSPECTION- HOUSEHOLD AND COMMERCIAL FURNISHINGS AND APPLIANCES
H373,INSPECTION- FOOD PREPARATION AND SERVING EQUIPMENT
H374,"INSPECTION- OFFICE MACHINES, TEXT PROCESSING SYSTEMS, AND VISIBLE RECORD EQUIPMENT"
H375,INSPECTION- OFFICE SUPPLIES AND DEVICES
H376,"INSPECTION- BOOKS, MAPS, AND OTHER PUBLICATIONS"
H377,INSPECTION- MUSICAL INST/PHONOGRAPH/HOME RADIO
H378,INSPECTION- RECREATIONAL AND ATHLETIC EQUIPMENT
H379,INSPECTION- CLEANING EQUIPMENT AND SUPPLIES
H380,"INSPECTION- BRUSHES, PAINTS, SEALERS, AND ADHESIVES"
H381,"INSPECTION- CONTAINERS, PACKAGING, AND PACKING SUPPLIES"
H383,"INSPECTION- TEXTILES, LEATHER, FURS, APPAREL AND SHOE FINDINGS, TENTS AND FLAGS"
H384,"INSPECTION- CLOTHING, INDIVIDUAL EQUIPMENT, AND INSIGNIA"
H385,INSPECTION- TOILETRIES
H387,INSPECTION- AGRICULTURAL SUPPLIES
H388,INSPECTION- LIVE ANIMALS
H389,INSPECTION- SUBSISTENCE
H391,"INSPECTION- FUELS, LUBRICANTS, OILS, AND WAXES"
H393,INSPECTION- NONMETALLIC FABRICATED MATERIALS
H394,INSPECTION- NONMETALLIC CRUDE MATERIALS
H395,"INSPECTION- METAL BARS, SHEETS, AND SHAPES"
H396,"INSPECTION- ORES, MINERALS, AND THEIR PRIMARY PRODUCTS"
H399,INSPECTION- MISCELLANEOUS
H9,"OTHER QUALITY, TEST, INSPECT SVCS"
H910,OTHER QC/TEST/INSPECT- WEAPONS
H911,OTHER QC/TEST/INSPECT- NUCLEAR ORDNANCE
H912,OTHER QC/TEST/INSPECT- FIRE CONTROL EQUIPMENT
H913,OTHER QC/TEST/INSPECT- AMMUNITION AND EXPLOSIVES
H914,OTHER QC/TEST/INSPECT- GUIDED MISSILES
H915,OTHER QC/TEST/INSPECT- AIRCRAFT AND AIRFRAME STRUCTURAL COMPONENTS
H916,OTHER QC/TEST/INSPECT- AIRCRAFT COMPONENTS AND ACCESSORIES
H917,"OTHER QC/TEST/INSPECT- AIRCRAFT LAUNCHING, LANDING, AND GROUND HANDLING EQUIPMENT"
H918,OTHER QC/TEST/INSPECT- SPACE VEHICLES
H919,"OTHER QC/TEST/INSPECT- SHIPS, SMALL CRAFT, PONTOONS, AND FLOATING DOCKS"
H920,OTHER QC/TEST/INSPECT- SHIP AND MARINE EQUIPMENT
H922,OTHER QC/TEST/INSPECT- RAILWAY EQUIPMENT
H923,"OTHER QC/TEST/INSPECT- GROUND EFFECT VEHICLES, MOTOR VEHICLES, TRAILERS, AND CYCLES"
H924,OTHER QC/TEST/INSPECT- TRACTORS
H925,OTHER QC/TEST/INSPECT- VEHICULAR EQUIPMENT COMPONENTS
H926,OTHER QC/TEST/INSPECT- TIRES AND TUBES
H928,"OTHER QC/TEST/INSPECT- ENGINES, TURBINES, AND COMPONENTS"
H929,OTHER QC/TEST/INSPECT- ENGINE ACCESSORIES
H930,OTHER QC/TEST/INSPECT- MECHANICAL POWER TRANSMISSION EQUIPMENT
H931,OTHER QC/TEST/INSPECT- BEARINGS
H932,OTHER QC/TEST/INSPECT- WOODWORKING MACHINERY AND EQUIPMENT
H934,OTHER QC/TEST/INSPECT- METALWORKING MACHINERY
H935,OTHER QC/TEST/INSPECT- SERVICE AND TRADE EQUIPMENT
H936,OTHER QC/TEST/INSPECT- SPECIAL INDUSTRY MACHINERY
H937,OTHER QC/TEST/INSPECT- AGRICULTURAL MACHINERY AND EQUIPMENT
H938,"OTHER QC/TEST/INSPECT- CONSTRUCTION, MINING, EXCAVATING, AND HIGHWAY MAINTENANCE EQUIPMENT"
H939,OTHER QC/TEST/INSPECT- MATERIALS HANDLING EQUIPMENT
H940,"OTHER QC/TEST/INSPECT- ROPE, CABLE, CHAIN, AND FITTINGS"
H941,"OTHER QC/TEST/INSPECT- REFRIGERATION, AIR CONDITIONING, AND AIR CIRCULATING EQUIPMENT"
H942,OTHER QC/TEST/INSPECT- FIRE FIGHTING/RESCUE/SAFETY EQUIPMENT; ENVIRON PROTECT EQUIPMENT/MATLS
H943,OTHER QC/TEST/INSPECT- PUMPS AND COMPRESSORS
H944,"OTHER QC/TEST/INSPECT- FURNACE, STEAM PLANT, AND DRYING EQUIPMENT; NUCLEAR REACTORS"
H945,"OTHER QC/TEST/INSPECT- PLUMBING, HEATING, AND WASTE DISPOSAL EQUIPMENT"
H946,OTHER QC/TEST/INSPECT- WATER PURIFICATION AND SEWAGE TREATMENT EQUIPMENT
H947,"OTHER QC/TEST/INSPECT- PIPE, TUBING, HOSE, AND FITTINGS"
H948,OTHER QC/TEST/INSPECT- VALVES
H949,OTHER QC/TEST/INSPECT- MAINTENANCE AND REPAIR SHOP EQUIPMENT
H951,OTHER QC/TEST/INSPECT- HAND TOOLS
H952,OTHER QC/TEST/INSPECT- MEASURING TOOLS
H953,OTHER QC/TEST/INSPECT- HARDWARE AND ABRASIVES
H954,OTHER QC/TEST/INSPECT- PREFABRICATED STRUCTURES AND SCAFFOLDING
H955,"OTHER QC/TEST/INSPECT- LUMBER, MILLWORK, PLYWOOD, AND VENEER"
H956,OTHER QC/TEST/INSPECT- CONSTRUCTION AND BUILDING MATERIALS
H958,"OTHER QC/TEST/INSPECT- COMMUNICATION, DETECTION, AND COHERENT RADIATION EQUIPMENT"
H959,OTHER QC/TEST/INSPECT- ELECTRICAL AND ELECTRONIC EQUIPMENT COMPONENTS
H960,"OTHER QC/TEST/INSPECT- FIBER OPTICS MATERIALS, COMPONENTS, ASSEMBLIES, AND ACCESSORIES"
H961,OTHER QC/TEST/INSPECT- ELECTRIC WIRE AND POWER DISTRIBUTION EQUIPMENT
H962,OTHER QC/TEST/INSPECT- LIGHTING FIXTURES AND LAMPS
H963,"OTHER QC/TEST/INSPECT- ALARM, SIGNAL, AND SECURITY DETECTION SYSTEMS"
H965,"OTHER QC/TEST/INSPECT- MEDICAL, DENTAL, AND VETERINARY EQUIPMENT AND SUPPLIES"
H966,OTHER QC/TEST/INSPECT- INSTRUMENTS AND LABORATORY EQUIPMENT
H967,OTHER QC/TEST/INSPECT- PHOTOGRAPHIC EQUIPMENT
H968,OTHER QC/TEST/INSPECT- CHEMICALS AND CHEMICAL PRODUCTS
H969,OTHER QC/TEST/INSPECT- TRAINING AIDS AND DEVICES
H971,OTHER QC/TEST/INSPECT- FURNITURE
H972,OTHER QC/TEST/INSPECT- HOUSEHOLD AND COMMERCIAL FURNISHINGS AND APPLIANCES
H973,OTHER QC/TEST/INSPECT- FOOD PREPARATION AND SERVING EQUIPMENT
H974,"OTHER QC/TEST/INSPECT- OFFICE MACHINES, TEXT PROCESSING SYSTEMS, AND VISIBLE RECORD EQUIPMENT"
H975,OTHER QC/TEST/INSPECT- OFFICE SUPPLIES AND DEVICES
H976,"OTHER QC/TEST/INSPECT- BOOKS, MAPS, AND OTHER PUBLICATIONS"
H977,OTHER QC/TEST/INSPECT- MUSICAL INST/PHONOGRAPH/HOME RADIO
H978,OTHER QC/TEST/INSPECT- RECREATIONAL AND ATHLETIC EQUIPMENT
H979,OTHER QC/TEST/INSPECT- CLEANING EQUIPMENT AND SUPPLIES
H980,"OTHER QC/TEST/INSPECT- BRUSHES, PAINTS, SEALERS, AND ADHESIVES"
H981,"OTHER QC/TEST/INSPECT- CONTAINERS, PACKAGING, AND PACKING SUPPLIES"
H983,"OTHER QC/TEST/INSPECT- TEXTILES, LEATHER, FURS, APPAREL AND SHOE FINDINGS, TENTS AND FLAGS"
H984,"OTHER QC/TEST/INSPECT- CLOTHING, INDIVIDUAL EQUIPMENT, AND INSIGNIA"
H985,OTHER QC/TEST/INSPECT- TOILETRIES
H987,OTHER QC/TEST/INSPECT- AGRICULTURAL SUPPLIES
H988,OTHER QC/TEST/INSPECT- LIVE ANIMALS
H989,OTHER QC/TEST/INSPECT- SUBSISTENCE
H991,"OTHER QC/TEST/INSPECT- FUELS, LUBRICANTS, OILS, AND WAXES"
H993,OTHER QC/TEST/INSPECT- NONMETALLIC FABRICATED MATERIALS
H994,OTHER QC/TEST/INSPECT- NONMETALLIC CRUDE MATERIALS
H995,"OTHER QC/TEST/INSPECT- METAL BARS, SHEETS, AND SHAPES"
H996,"OTHER QC/TEST/INSPECT- ORES, MINERALS, AND THEIR PRIMARY PRODUCTS"
H999,OTHER QC/TEST/INSPECT- MISCELLANEOUS
J,"MAINT, REPAIR, REBUILD EQUIPMENT"
J0,"MAINT, REPAIR, REBUILD OF EQUIPMENT"
J010,MAINT/REPAIR/REBUILD OF EQUIPMENT- WEAPONS
J011,MAINT/REPAIR/REBUILD OF EQUIPMENT- NUCLEAR ORDNANCE
J012,MAINT/REPAIR/REBUILD OF EQUIPMENT- FIRE CONTROL EQUIPMENT
J013,MAINT/REPAIR/REBUILD OF EQUIPMENT- AMMUNITION AND EXPLOSIVES
J014,MAINT/REPAIR/REBUILD OF EQUIPMENT- GUIDED MISSILES
J015,MAINT/REPAIR/REBUILD OF EQUIPMENT- AIRCRAFT AND AIRFRAME STRUCTURAL COMPONENTS
J016,MAINT/REPAIR/REBUILD OF EQUIPMENT- AIRCRAFT COMPONENTS AND ACCESSORIES
J017,"MAINT/REPAIR/REBUILD OF EQUIPMENT- AIRCRAFT LAUNCHING, LANDING, AND GROUND HANDLING EQUIPMENT"
J018,MAINT/REPAIR/REBUILD OF EQUIPMENT- SPACE VEHICLES
J019,"MAINT/REPAIR/REBUILD OF EQUIPMENT- SHIPS, SMALL CRAFT, PONTOONS, AND FLOATING DOCKS"
J020,MAINT/REPAIR/REBUILD OF EQUIPMENT- SHIP AND MARINE EQUIPMENT
J022,MAINT/REPAIR/REBUILD OF EQUIPMENT- RAILWAY EQUIPMENT
J023,"MAINT/REPAIR/REBUILD OF EQUIPMENT- GROUND EFFECT VEHICLES, MOTOR VEHICLES, TRAILERS, AND CYCLES"
J024,MAINT/REPAIR/REBUILD OF EQUIPMENT- TRACTORS
J025,MAINT/REPAIR/REBUILD OF EQUIPMENT- VEHICULAR EQUIPMENT COMPONENTS
J026,MAINT/REPAIR/REBUILD OF EQUIPMENT- TIRES AND TUBES
J028,"MAINT/REPAIR/REBUILD OF EQUIPMENT- ENGINES, TURBINES, AND COMPONENTS"
J029,MAINT/REPAIR/REBUILD OF EQUIPMENT- ENGINE ACCESSORIES
J030,MAINT/REPAIR/REBUILD OF EQUIPMENT- MECHANICAL POWER TRANSMISSION EQUIPMENT
J031,MAINT/REPAIR/REBUILD OF EQUIPMENT- BEARINGS
J032,MAINT/REPAIR/REBUILD OF EQUIPMENT- WOODWORKING MACHINERY AND EQUIPMENT
J034,MAINT/REPAIR/REBUILD OF EQUIPMENT- METALWORKING MACHINERY
J035,MAINT/REPAIR/REBUILD OF EQUIPMENT- SERVICE AND TRADE EQUIPMENT
J036,MAINT/REPAIR/REBUILD OF EQUIPMENT- SPECIAL INDUSTRY MACHINERY
J037,MAINT/REPAIR/REBUILD OF EQUIPMENT- AGRICULTURAL MACHINERY AND EQUIPMENT
J038,MAINT/REPAIR/REBUILD OF EQUIPMENT- CONSTRUCTION/MINING/EXCAVATING/HIGHWAY MAINTENANCE EQUIPMENT
J039,MAINT/REPAIR/REBUILD OF EQUIPMENT- MATERIALS HANDLING EQUIPMENT
J040,"MAINT/REPAIR/REBUILD OF EQUIPMENT- ROPE, CABLE, CHAIN, AND FITTINGS"
J041,"MAINT/REPAIR/REBUILD OF EQUIPMENT- REFRIGERATION, AIR CONDITIONING, AND AIR CIRCULATING EQUIPMENT"
J042,MAINT/REPAIR/REBUILD OF EQUIP- FIRE FIGHTING/RESCUE/SAFETY EQUIP; ENVIRON PROTECT EQUIP/MATLS
J043,MAINT/REPAIR/REBUILD OF EQUIPMENT- PUMPS AND COMPRESSORS
J044,"MAINT/REPAIR/REBUILD OF EQUIPMENT- FURNACE, STEAM PLANT, AND DRYING EQUIPMENT; NUCLEAR REACTORS"
J045,"MAINT/REPAIR/REBUILD OF EQUIPMENT- PLUMBING, HEATING, AND WASTE DISPOSAL EQUIPMENT"
J046,MAINT/REPAIR/REBUILD OF EQUIPMENT- WATER PURIFICATION AND SEWAGE TREATMENT EQUIPMENT
J047,"MAINT/REPAIR/REBUILD OF EQUIPMENT- PIPE, TUBING, HOSE, AND FITTINGS"
J048,MAINT/REPAIR/REBUILD OF EQUIPMENT- VALVES
J049,MAINT/REPAIR/REBUILD OF EQUIPMENT- MAINTENANCE AND REPAIR SHOP EQUIPMENT
J051,MAINT/REPAIR/REBUILD OF EQUIPMENT- HAND TOOLS
J052,MAINT/REPAIR/REBUILD OF EQUIPMENT- MEASURING TOOLS
J053,MAINT/REPAIR/REBUILD OF EQUIPMENT- HARDWARE AND ABRASIVES
J054,MAINT/REPAIR/REBUILD OF EQUIPMENT- PREFABRICATED STRUCTURES AND SCAFFOLDING
J055,"MAINT/REPAIR/REBUILD OF EQUIPMENT- LUMBER, MILLWORK, PLYWOOD, AND VENEER"
J056,MAINT/REPAIR/REBUILD OF EQUIPMENT- CONSTRUCTION AND BUILDING MATERIALS
J059,MAINT/REPAIR/REBUILD OF EQUIPMENT- ELECTRICAL AND ELECTRONIC EQUIPMENT COMPONENTS
J061,MAINT/REPAIR/REBUILD OF EQUIPMENT- ELECTRIC WIRE AND POWER DISTRIBUTION EQUIPMENT
J062,MAINT/REPAIR/REBUILD OF EQUIPMENT- LIGHTING FIXTURES AND LAMPS
J063,"MAINT/REPAIR/REBUILD OF EQUIPMENT- ALARM, SIGNAL, AND SECURITY DETECTION SYSTEMS"
J065,"MAINT/REPAIR/REBUILD OF EQUIPMENT- MEDICAL, DENTAL, AND VETERINARY EQUIPMENT AND SUPPLIES"
J066,MAINT/REPAIR/REBUILD OF EQUIPMENT- INSTRUMENTS AND LABORATORY EQUIPMENT
J067,MAINT/REPAIR/REBUILD OF EQUIPMENT- PHOTOGRAPHIC EQUIPMENT
J068,MAINT/REPAIR/REBUILD OF EQUIPMENT- CHEMICALS AND CHEMICAL PRODUCTS
J069,MAINT/REPAIR/REBUILD OF EQUIPMENT- TRAINING AIDS AND DEVICES
J071,MAINT/REPAIR/REBUILD OF EQUIPMENT- FURNITURE
J072,MAINT/REPAIR/REBUILD OF EQUIPMENT- HOUSEHOLD AND COMMERCIAL FURNISHINGS AND APPLIANCES
J073,MAINT/REPAIR/REBUILD OF EQUIPMENT- FOOD PREPARATION AND SERVING EQUIPMENT
J074,MAINT/REPAIR/REBUILD OF EQUIPMENT- OFFICE MACHINES/TEXT PROCESSING SYS/VISIBLE RECORD EQUIPMENT
J075,MAINT/REPAIR/REBUILD OF EQUIPMENT- OFFICE SUPPLIES AND DEVICES
J076,"MAINT/REPAIR/REBUILD OF EQUIPMENT- BOOKS, MAPS, AND OTHER PUBLICATIONS"
J077,MAINT/REPAIR/REBUILD OF EQUIPMENT- MUSICAL INST/PHONOGRAPH/HOME RADIO
J078,MAINT/REPAIR/REBUILD OF EQUIPMENT- RECREATIONAL AND ATHLETIC EQUIPMENT
J079,MAINT/REPAIR/REBUILD OF EQUIPMENT- CLEANING EQUIPMENT AND SUPPLIES
J080,"MAINT/REPAIR/REBUILD OF EQUIPMENT- BRUSHES, PAINTS, SEALERS, AND ADHESIVES"
J081,"MAINT/REPAIR/REBUILD OF EQUIPMENT- CONTAINERS, PACKAGING, AND PACKING SUPPLIES"
J083,"MAINT/REPAIR/REBUILD OF EQUIPMENT- TEXTILES, LEATHER, FURS, APPAREL/SHOE FINDINGS, TENTS/FLAGS"
J084,"MAINT/REPAIR/REBUILD OF EQUIPMENT- CLOTHING, INDIVIDUAL EQUIPMENT, AND INSIGNIA"
J085,MAINT/REPAIR/REBUILD OF EQUIPMENT- TOILETRIES
J087,MAINT/REPAIR/REBUILD OF EQUIPMENT- AGRICULTURAL SUPPLIES
J088,MAINT/REPAIR/REBUILD OF EQUIPMENT- LIVE ANIMALS
J089,MAINT/REPAIR/REBUILD OF EQUIPMENT- SUBSISTENCE
J091,"MAINT/REPAIR/REBUILD OF EQUIPMENT- FUELS, LUBRICANTS, OILS, AND WAXES"
J093,MAINT/REPAIR/REBUILD OF EQUIPMENT- NONMETALLIC FABRICATED MATERIALS
J094,MAINT/REPAIR/REBUILD OF EQUIPMENT- NONMETALLIC CRUDE MATERIALS
J095,"MAINT/REPAIR/REBUILD OF EQUIPMENT- METAL BARS, SHEETS, AND SHAPES"
J096,"MAINT/REPAIR/REBUILD OF EQUIPMENT- ORES, MINERALS, AND THEIR PRIMARY PRODUCTS"
J9,NON-NUCLEAR SHIP REPAIR
J998,NON-NUCLEAR SHIP REPAIR (EAST)
J999,NON-NUCLEAR SHIP REPAIR (WEST)
K,MODIFICATION OF EQUIPMENT
K0,MODIFICATION OF EQUIPMENT
K010,MODIFICATION OF EQUIPMENT- WEAPONS
K011,MODIFICATION OF EQUIPMENT- NUCLEAR ORDNANCE
K012,MODIFICATION OF EQUIPMENT- FIRE CONTROL EQUIPMENT
K013,MODIFICATION OF EQUIPMENT- AMMUNITION AND EXPLOSIVES
K014,MODIFICATION OF EQUIPMENT- GUIDED MISSILES
K015,MODIFICATION OF EQUIPMENT- AIRCRAFT AND AIRFRAME STRUCTURAL COMPONENTS
K016,MODIFICATION OF EQUIPMENT- AIRCRAFT COMPONENTS AND ACCESSORIES
K017,"MODIFICATION OF EQUIPMENT- AIRCRAFT LAUNCHING, LANDING, AND GROUND HANDLING EQUIPMENT"
K018,MODIFICATION OF EQUIPMENT- SPACE VEHICLES
K019,"MODIFICATION OF EQUIPMENT- SHIPS, SMALL CRAFT, PONTOONS, AND FLOATING DOCKS"
K020,MODIFICATION OF EQUIPMENT- SHIP AND MARINE EQUIPMENT
K022,MODIFICATION OF EQUIPMENT- RAILWAY EQUIPMENT
K023,"MODIFICATION OF EQUIPMENT- GROUND EFFECT VEHICLES, MOTOR VEHICLES, TRAILERS, AND CYCLES"
K024,MODIFICATION OF EQUIPMENT- TRACTORS
K025,MODIFICATION OF EQUIPMENT- VEHICULAR EQUIPMENT COMPONENTS
K026,MODIFICATION OF EQUIPMENT- TIRES AND TUBES
K028,"MODIFICATION OF EQUIPMENT- ENGINES, TURBINES, AND COMPONENTS"
K029,MODIFICATION OF EQUIPMENT- ENGINE ACCESSORIES
K030,MODIFICATION OF EQUIPMENT- MECHANICAL POWER TRANSMISSION EQUIPMENT
K031,MODIFICATION OF EQUIPMENT- BEARINGS
K032,MODIFICATION OF EQUIPMENT- WOODWORKING MACHINERY AND EQUIPMENT
K034,MODIFICATION OF EQUIPMENT- METALWORKING MACHINERY
K035,MODIFICATION OF EQUIPMENT- SERVICE AND TRADE EQUIPMENT
K036,MODIFICATION OF EQUIPMENT- SPECIAL INDUSTRY MACHINERY
K037,MODIFICATION OF EQUIPMENT- AGRICULTURAL MACHINERY AND EQUIPMENT
K038,"MODIFICATION OF EQUIPMENT- CONSTRUCTION, MINING, EXCAVATING, AND HIGHWAY MAINTENANCE EQUIPMENT"
K039,MODIFICATION OF EQUIPMENT- MATERIALS HANDLING EQUIPMENT
K040,"MODIFICATION OF EQUIPMENT- ROPE, CABLE, CHAIN, AND FITTINGS"
K041,"MODIFICATION OF EQUIPMENT- REFRIGERATION, AIR CONDITIONING, AND AIR CIRCULATING EQUIPMENT"
K042,MODIFICATION OF EQUIPMENT- FIRE FIGHTING/RESCUE/SAFETY EQUIPMENT; ENVIRON PROTECT EQUIPMENT/MATLS
K043,MODIFICATION OF EQUIPMENT- PUMPS AND COMPRESSORS
K044,"MODIFICATION OF EQUIPMENT- FURNACE, STEAM PLANT, AND DRYING EQUIPMENT; NUCLEAR REACTORS"
K045,"MODIFICATION OF EQUIPMENT- PLUMBING, HEATING, AND WASTE DISPOSAL EQUIPMENT"
K046,MODIFICATION OF EQUIPMENT- WATER PURIFICATION AND SEWAGE TREATMENT EQUIPMENT
K047,"MODIFICATION OF EQUIPMENT- PIPE, TUBING, HOSE, AND FITTINGS"
K048,MODIFICATION OF EQUIPMENT- VALVES
K049,MODIFICATION OF EQUIPMENT- MAINTENANCE AND REPAIR SHOP EQUIPMENT
K051,MODIFICATION OF EQUIPMENT- HAND TOOLS
K052,MODIFICATION OF EQUIPMENT- MEASURING TOOLS
K053,MODIFICATION OF EQUIPMENT- HARDWARE AND ABRASIVES
K054,MODIFICATION OF EQUIPMENT- PREFABRICATED STRUCTURES AND SCAFFOLDING
K055,"MODIFICATION OF EQUIPMENT- LUMBER, MILLWORK, PLYWOOD, AND VENEER"
K056,MODIFICATION OF EQUIPMENT- CONSTRUCTION AND BUILDING MATERIALS
K058,"MODIFICATION OF EQUIPMENT- COMMUNICATION, DETECTION, AND COHERENT RADIATION EQUIPMENT"
K059,MODIFICATION OF EQUIPMENT- ELECTRICAL AND ELECTRONIC EQUIPMENT COMPONENTS
K061,MODIFICATION OF EQUIPMENT- ELECTRIC WIRE AND POWER DISTRIBUTION EQUIPMENT
K062,MODIFICATION OF EQUIPMENT- LIGHTING FIXTURES AND LAMPS
K063,"MODIFICATION OF EQUIPMENT- ALARM, SIGNAL, AND SECURITY DETECTION SYSTEMS"
K065,"MODIFICATION OF EQUIPMENT- MEDICAL, DENTAL, AND VETERINARY EQUIPMENT AND SUPPLIES"
K066,MODIFICATION OF EQUIPMENT- INSTRUMENTS AND LABORATORY EQUIPMENT
K067,MODIFICATION OF EQUIPMENT- PHOTOGRAPHIC EQUIPMENT
K068,MODIFICATION OF EQUIPMENT- CHEMICALS AND CHEMICAL PRODUCTS
K069,MODIFICATION OF EQUIPMENT- TRAINING AIDS AND DEVICES
K071,MODIFICATION OF EQUIPMENT- FURNITURE
K072,MODIFICATION OF EQUIPMENT- HOUSEHOLD AND COMMERCIAL FURNISHINGS AND APPLIANCES
K073,MODIFICATION OF EQUIPMENT- FOOD PREPARATION AND SERVING EQUIPMENT
K074,"MODIFICATION OF EQUIPMENT- OFFICE MACHINES, TEXT PROCESSING SYSTEMS, AND VISIBLE RECORD EQUIPMENT"
K075,MODIFICATION OF EQUIPMENT- OFFICE SUPPLIES AND DEVICES
K076,"MODIFICATION OF EQUIPMENT- BOOKS, MAPS, AND OTHER PUBLICATIONS"
K077,MODIFICATION OF EQUIPMENT- MUSICAL INST/PHONOGRAPH/HOME RADIO
K078,MODIFICATION OF EQUIPMENT- RECREATIONAL AND ATHLETIC EQUIPMENT
K079,MODIFICATION OF EQUIPMENT- CLEANING EQUIPMENT AND SUPPLIES
K080,"MODIFICATION OF EQUIPMENT- BRUSHES, PAINTS, SEALERS, AND ADHESIVES"
K081,"MODIFICATION OF EQUIPMENT- CONTAINERS, PACKAGING, AND PACKING SUPPLIES"
K083,"MODIFICATION OF EQUIPMENT- TEXTILES, LEATHER, FURS, APPAREL AND SHOE FINDINGS, TENTS AND FLAGS"
K084,"MODIFICATION OF EQUIPMENT- CLOTHING, INDIVIDUAL EQUIPMENT, AND INSIGNIA"
K085,MODIFICATION OF EQUIPMENT- TOILETRIES
K087,MODIFICATION OF EQUIPMENT- AGRICULTURAL SUPPLIES
K088,MODIFICATION OF EQUIPMENT- LIVE ANIMALS
K089,MODIFICATION OF EQUIPMENT- SUBSISTENCE
K091,"MODIFICATION OF EQUIPMENT- FUELS, LUBRICANTS, OILS, AND WAXES"
K093,MODIFICATION OF EQUIPMENT- NONMETALLIC FABRICATED MATERIALS
K094,MODIFICATION OF EQUIPMENT- NONMETALLIC CRUDE MATERIALS
K095,"MODIFICATION OF EQUIPMENT- METAL BARS, SHEETS, AND SHAPES"
K096,"MODIFICATION OF EQUIPMENT- ORES, MINERALS, AND THEIR PRIMARY PRODUCTS"
K099,MODIFICATION OF EQUIPMENT- MISCELLANEOUS
L,TECHNICAL REPRESENTATIVE SVCS.
L0,TECHNICAL REPRESENTATIVE SERVICES
L010,TECHNICAL REPRESENTATIVE- WEAPONS
L011,TECHNICAL REPRESENTATIVE- NUCLEAR ORDNANCE
L012,TECHNICAL REPRESENTATIVE- FIRE CONTROL EQUIPMENT
L013,TECHNICAL REPRESENTATIVE- AMMUNITION AND EXPLOSIVES
L014,TECHNICAL REPRESENTATIVE- GUIDED MISSILES
L015,TECHNICAL REPRESENTATIVE- AIRCRAFT AND AIRFRAME STRUCTURAL COMPONENTS
L016,TECHNICAL REPRESENTATIVE- AIRCRAFT COMPONENTS AND ACCESSORIES
L017,"TECHNICAL REPRESENTATIVE- AIRCRAFT LAUNCHING, LANDING, AND GROUND HANDLING EQUIPMENT"
L018,TECHNICAL REPRESENTATIVE- SPACE VEHICLES
L019,"TECHNICAL REPRESENTATIVE- SHIPS, SMALL CRAFT, PONTOONS, AND FLOATING DOCKS"
L020,TECHNICAL REPRESENTATIVE- SHIP AND MARINE EQUIPMENT
L022,TECHNICAL REPRESENTATIVE- RAILWAY EQUIPMENT
L023,"TECHNICAL REPRESENTATIVE- GROUND EFFECT VEHICLES, MOTOR VEHICLES, TRAILERS, AND CYCLES"
L024,TECHNICAL REPRESENTATIVE- TRACTORS
L025,TECHNICAL REPRESENTATIVE- VEHICULAR EQUIPMENT COMPONENTS
L026,TECHNICAL REPRESENTATIVE- TIRES AND TUBES
L028,"TECHNICAL REPRESENTATIVE- ENGINES, TURBINES, AND COMPONENTS"
L029,TECHNICAL REPRESENTATIVE- ENGINE ACCESSORIES
L030,TECHNICAL REPRESENTATIVE- MECHANICAL POWER TRANSMISSION EQUIPMENT
L031,TECHNICAL REPRESENTATIVE- BEARINGS
L032,TECHNICAL REPRESENTATIVE- WOODWORKING MACHINERY AND EQUIPMENT
L034,TECHNICAL REPRESENTATIVE- METALWORKING MACHINERY
L035,TECHNICAL REPRESENTATIVE- SERVICE AND TRADE EQUIPMENT
L036,TECHNICAL REPRESENTATIVE- SPECIAL INDUSTRY MACHINERY
L037,TECHNICAL REPRESENTATIVE- AGRICULTURAL MACHINERY AND EQUIPMENT
L038,TECHNICAL REPRESENTATIVE- CONSTRUCTION/MINING/EXCAVATING/HIGHWAY MAINT EQUIP
L039,TECHNICAL REPRESENTATIVE- MATERIALS HANDLING EQUIPMENT
L040,"TECHNICAL REPRESENTATIVE- ROPE, CABLE, CHAIN, AND FITTINGS"
L041,"TECHNICAL REPRESENTATIVE- REFRIGERATION, AIR CONDITIONING, AND AIR CIRCULATING EQUIPMENT"
L042,TECHNICAL REP- FIRE FIGHTING/RESCUE/SAFETY EQUIPMENT; ENVIRON PROTECT EQUIPMENT/MATLS
L043,TECHNICAL REPRESENTATIVE- PUMPS AND COMPRESSORS
L044,"TECHNICAL REPRESENTATIVE- FURNACE, STEAM PLANT, AND DRYING EQUIPMENT; NUCLEAR REACTORS"
L045,"TECHNICAL REPRESENTATIVE- PLUMBING, HEATING, AND WASTE DISPOSAL EQUIPMENT"
L046,TECHNICAL REPRESENTATIVE- WATER PURIFICATION AND SEWAGE TREATMENT EQUIPMENT
L047,"TECHNICAL REPRESENTATIVE- PIPE, TUBING, HOSE, AND FITTINGS"
L048,TECHNICAL REPRESENTATIVE- VALVES
L049,TECHNICAL REPRESENTATIVE- MAINTENANCE AND REPAIR SHOP EQUIPMENT
L051,TECHNICAL REPRESENTATIVE- HAND TOOLS
L052,TECHNICAL REPRESENTATIVE- MEASURING TOOLS
L053,TECHNICAL REPRESENTATIVE- HARDWARE AND ABRASIVES
L054,TECHNICAL REPRESENTATIVE- PREFABRICATED STRUCTURES AND SCAFFOLDING
L055,"TECHNICAL REPRESENTATIVE- LUMBER, MILLWORK, PLYWOOD, AND VENEER"
L056,TECHNICAL REPRESENTATIVE- CONSTRUCTION AND BUILDING MATERIALS
L058,"TECHNICAL REPRESENTATIVE- COMMUNICATION, DETECTION, AND COHERENT RADIATION EQUIPMENT"
L059,TECHNICAL REPRESENTATIVE- ELECTRICAL AND ELECTRONIC EQUIPMENT COMPONENTS
L060,"TECHNICAL REPRESENTATIVE- FIBER OPTICS MATERIALS, COMPONENTS, ASSEMBLIES, AND ACCESSORIES"
L061,TECHNICAL REPRESENTATIVE- ELECTRIC WIRE AND POWER DISTRIBUTION EQUIPMENT
L062,TECHNICAL REPRESENTATIVE- LIGHTING FIXTURES AND LAMPS
L063,"TECHNICAL REPRESENTATIVE- ALARM, SIGNAL, AND SECURITY DETECTION SYSTEMS"
L065,"TECHNICAL REPRESENTATIVE- MEDICAL, DENTAL, AND VETERINARY EQUIPMENT AND SUPPLIES"
L066,TECHNICAL REPRESENTATIVE- INSTRUMENTS AND LABORATORY EQUIPMENT
L067,TECHNICAL REPRESENTATIVE- PHOTOGRAPHIC EQUIPMENT
L068,TECHNICAL REPRESENTATIVE- CHEMICALS AND CHEMICAL PRODUCTS
L069,TECHNICAL REPRESENTATIVE- TRAINING AIDS AND DEVICES
L071,TECHNICAL REPRESENTATIVE- FURNITURE
L072,TECHNICAL REPRESENTATIVE- HOUSEHOLD AND COMMERCIAL FURNISHINGS AND APPLIANCES
L073,TECHNICAL REPRESENTATIVE- FOOD PREPARATION AND SERVING EQUIPMENT
L074,TECHNICAL REPRESENTATIVE- OFFICE MACHINES/TEXT PROCESSING SYS/VISIBLE RECORD EQUIPMENT
L075,TECHNICAL REPRESENTATIVE- OFFICE SUPPLIES AND DEVICES
L076,"TECHNICAL REPRESENTATIVE- BOOKS, MAPS, AND OTHER PUBLICATIONS"
L077,TECHNICAL REPRESENTATIVE- MUSICAL INST/PHONOGRAPH/HOME RADIO
L078,TECHNICAL REPRESENTATIVE- RECREATIONAL AND ATHLETIC EQUIPMENT
L079,TECHNICAL REPRESENTATIVE- CLEANING EQUIPMENT AND SUPPLIES
L080,"TECHNICAL REPRESENTATIVE- BRUSHES, PAINTS, SEALERS, AND ADHESIVES"
L081,"TECHNICAL REPRESENTATIVE- CONTAINERS, PACKAGING, AND PACKING SUPPLIES"
L083,"TECHNICAL REPRESENTATIVE- TEXTILES, LEATHER, FURS, APPAREL/SHOE FINDINGS, TENTS/FLAGS"
L084,"TECHNICAL REPRESENTATIVE- CLOTHING, INDIVIDUAL EQUIPMENT, AND INSIGNIA"
L085,TECHNICAL REPRESENTATIVE- TOILETRIES
L087,TECHNICAL REPRESENTATIVE- AGRICULTURAL SUPPLIES
L088,TECHNICAL REPRESENTATIVE- LIVE ANIMALS
L089,TECHNICAL REPRESENTATIVE- SUBSISTENCE
L091,"TECHNICAL REPRESENTATIVE- FUELS, LUBRICANTS, OILS, AND WAXES"
L093,TECHNICAL REPRESENTATIVE- NONMETALLIC FABRICATED MATERIALS
L094,TECHNICAL REPRESENTATIVE- NONMETALLIC CRUDE MATERIALS
L095,"TECHNICAL REPRESENTATIVE- METAL BARS, SHEETS, AND SHAPES"
L096,"TECHNICAL REPRESENTATIVE- ORES, MINERALS, AND THEIR PRIMARY PRODUCTS"
L099,TECHNICAL REPRESENTATIVE- MISCELLANEOUS
M,OPERATION OF GOVT OWNED FACILITY
M1,OPERATE GOVT OWNED BUILDINGS
M1AA,OPERATION OF OFFICE BUILDINGS
M1AB,OPERATION OF CONFERENCE SPACE AND FACILITIES
M1AZ,OPERATION OF OTHER ADMINISTRATIVE FACILITIES AND SERVICE BUILDINGS
M1BA,OPERATION OF AIR TRAFFIC CONTROL TOWERS
M1BB,OPERATION OF AIR TRAFFIC CONTROL TRAINING FACILITIES
M1BC,OPERATION OF RADAR AND NAVIGATIONAL FACILITIES
M1BD,OPERATION OF AIRPORT RUNWAYS AND TAXIWAYS
M1BE,OPERATION OF AIRPORT TERMINALS
M1BF,OPERATION OF MISSILE SYSTEM FACILITIES
M1BG,OPERATION OF ELECTRONIC AND COMMUNICATIONS FACILITIES
M1BZ,OPERATION OF OTHER AIRFIELD STRUCTURES
M1CA,OPERATION OF SCHOOLS
M1CZ,OPERATION OF OTHER EDUCATIONAL BUILDINGS
M1DA,OPERATION OF HOSPITALS AND INFIRMARIES
M1DB,OPERATION OF LABORATORIES AND CLINICS
M1DZ,OPERATION OF OTHER HOSPITAL BUILDINGS
M1EA,OPERATION OF AMMUNITION FACILITIES
M1EB,OPERATION OF MAINTENANCE BUILDINGS
M1EC,OPERATION OF PRODUCTION BUILDINGS
M1ED,OPERATION OF SHIP CONSTRUCTION AND REPAIR FACILITIES
M1EE,OPERATION OF TANK AUTOMOTIVE FACILITIES
M1EZ,OPERATION OF OTHER INDUSTRIAL BUILDINGS
M1FA,OPERATION OF FAMILY HOUSING FACILITIES
M1FB,OPERATION OF RECREATIONAL BUILDINGS
M1FC,OPERATION OF TROOP HOUSING FACILITIES
M1FD,OPERATION OF DINING FACILITIES
M1FE,OPERATION OF RELIGIOUS FACILITIES
M1FF,OPERATION OF PENAL FACILITIES
M1FZ,OPERATION OF OTHER RESIDENTIAL BUILDINGS
M1GA,OPERATION OF AMMUNITION STORAGE BUILDINGS
M1GB,OPERATION OF FOOD OR GRAIN STORAGE BUILDINGS
M1GC,OPERATION OF FUEL STORAGE BUILDINGS
M1GD,OPERATION OF OPEN STORAGE FACILITIES
M1GZ,OPERATION OF OTHER WAREHOUSE BUILDINGS
M1HA,OPERATION OF GOVERNMENT-OWNED CONTRACTOR-OPERATED (GOCO) R&D FACILITIES
M1HB,OPERATION OF GOVERNMENT-OWNED GOVERNMENT-OPERATED (GOGO) R&D FACILITIES
M1HC,OPERATION OF GOVERNMENT-OWNED CONTRACTOR-OPERATED (GOCO) ENVIRONMENTAL LABORATORIES
M1HZ,OPERATION OF GOVERNMENT-OWNED GOVERNMENT-OPERATED (GOGO) ENVIRONMENTAL LABORATORIES
M1JA,OPERATION OF MUSEUMS AND EXHIBITION BUILDINGS
M1JB,OPERATION OF TESTING AND MEASUREMENT BUILDINGS
M1JZ,OPERATION OF MISCELLANEOUS BUILDINGS
M1KA,OPERATION OF DAMS
M1KB,OPERATION OF CANALS
M1KC,OPERATION OF MINE FIRE CONTROL FACILITIES
M1KD,OPERATION OF MINE SUBSIDENCE CONTROL FACILITIES
M1KE,OPERATION OF SURFACE MINE RECLAMATION FACILITIES
M1KF,OPERATION OF DREDGING FACILITIES
M1KZ,OPERATION OF OTHER CONSERVATION AND DEVELOPMENT FACILITIES
M1LA,OPERATION OF AIRPORT SERVICE ROADS
M1LB,"OPERATION OF HIGHWAYS, ROADS, STREETS, BRIDGES, AND RAILWAYS"
M1LC,OPERATION OF TUNNELS AND SUBSURFACE STRUCTURES
M1LZ,OPERATION OF PARKING FACILITIES
M1MA,OPERATION OF EPG FACILITIES - COAL
M1MB,OPERATION OF EPG FACILITIES - GAS
M1MC,OPERATION OF EPG FACILITIES - GEOTHERMAL
M1MD,OPERATION OF EPG FACILITIES - HYDRO
M1ME,OPERATION OF EPG FACILITIES - NUCLEAR
M1MF,OPERATION OF EPG FACILITIES - PETROLEUM
M1MG,OPERATION OF EPG FACILITIES - SOLAR
M1MH,OPERATION OF EPG FACILITIES - WIND
M1MZ,"OPERATION OF EPG FACILITIES - OTHER, INCLUDING TRANSMISSION"
M1NA,OPERATION OF FUEL SUPPLY FACILITIES
M1NB,OPERATION OF HEATING AND COOLING PLANTS
M1NC,OPERATION OF POLLUTION ABATEMENT AND CONTROL FACILITIES
M1ND,OPERATION OF SEWAGE AND WASTE FACILITIES
M1NE,OPERATION OF WATER SUPPLY FACILITIES
M1NZ,OPERATION OF OTHER UTILITIES
M1PA,OPERATION OF RECREATION FACILITIES (NON-BUILDING)
M1PB,OPERATION OF EXHIBIT DESIGN (NON-BUILDING)
M1PC,OPERATION OF UNIMPROVED REAL PROPERTY (LAND)
M1PD,OPERATION OF WASTE TREATMENT AND STORAGE FACILITIES
M1PZ,OPERATION OF OTHER NON-BUILDING FACILITIES
M1QA,OPERATION OF RESTORATION OF REAL PROPERTY (PUBLIC OR PRIVATE)
M2,"OPERATION OF SHIPS, SMALL CRAFTS, PONTOONS AND FLOATING DOCKS"
M2AA,HUSBANDING SERVICES—COMMUNICATIONS SERVICES
M2AB,HUSBANDING SERVICES—FORCE PROTECTION
M2AC,HUSBANDING SERVICES—REMOVAL SERVICES
M2AD,HUSBANDING SERVICES—MATERIAL HANDLING
M2AE,HUSBANDING SERVICES—PURCHASING SERVICES
M2AF,HUSBANDING SERVICES—INCIDENTAL SERVICES
M2BA,HUSBANDING SERVICES—TRANSPORTATION SERVICES
M2BB,HUSBANDING SERVICES—FUEL SERVICES
M2BZ,HUSBANDING SERVICES—OTHER PORT SERVICES
M2CA,SHIP HUSBANDING SERVICES—MANAGEMENT/INTEGRATION SERVICE
M3,OPERATE RESTORATION ACTIVITIES
N,INSTALLATION OF EQUIPMENT
N0,INSTALLATION OF EQUIPMENT
N010,INSTALLATION OF EQUIPMENT- WEAPONS
N011,INSTALLATION OF EQUIPMENT- NUCLEAR ORDNANCE
N012,INSTALLATION OF EQUIPMENT- FIRE CONTROL EQUIPMENT
N013,INSTALLATION OF EQUIPMENT- AMMUNITION AND EXPLOSIVES
N014,INSTALLATION OF EQUIPMENT- GUIDED MISSILES
N015,INSTALLATION OF EQUIPMENT- AIRCRAFT AND AIRFRAME STRUCTURAL COMPONENTS
N016,INSTALLATION OF EQUIPMENT- AIRCRAFT COMPONENTS AND ACCESSORIES
N017,"INSTALLATION OF EQUIPMENT- AIRCRAFT LAUNCHING, LANDING, AND GROUND HANDLING EQUIPMENT"
N018,INSTALLATION OF EQUIPMENT- SPACE VEHICLES
N019,"INSTALLATION OF EQUIPMENT- SHIPS, SMALL CRAFT, PONTOONS, AND FLOATING DOCKS"
N020,INSTALLATION OF EQUIPMENT- SHIP AND MARINE EQUIPMENT
N022,INSTALLATION OF EQUIPMENT- RAILWAY EQUIPMENT
N023,"INSTALLATION OF EQUIPMENT- GROUND EFFECT VEHICLES, MOTOR VEHICLES, TRAILERS, AND CYCLES"
N024,INSTALLATION OF EQUIPMENT- TRACTORS
N025,INSTALLATION OF EQUIPMENT- VEHICULAR EQUIPMENT COMPONENTS
N026,INSTALLATION OF EQUIPMENT- TIRES AND TUBES
N028,"INSTALLATION OF EQUIPMENT- ENGINES, TURBINES, AND COMPONENTS"
N029,INSTALLATION OF EQUIPMENT- ENGINE ACCESSORIES
N030,INSTALLATION OF EQUIPMENT- MECHANICAL POWER TRANSMISSION EQUIPMENT
N031,INSTALLATION OF EQUIPMENT- BEARINGS
N032,INSTALLATION OF EQUIPMENT- WOODWORKING MACHINERY AND EQUIPMENT
N034,INSTALLATION OF EQUIPMENT- METALWORKING MACHINERY
N035,INSTALLATION OF EQUIPMENT- SERVICE AND TRADE EQUIPMENT
N036,INSTALLATION OF EQUIPMENT- SPECIAL INDUSTRY MACHINERY
N037,INSTALLATION OF EQUIPMENT- AGRICULTURAL MACHINERY AND EQUIPMENT
N038,"INSTALLATION OF EQUIPMENT- CONSTRUCTION, MINING, EXCAVATING, AND HIGHWAY MAINTENANCE EQUIPMENT"
N039,INSTALLATION OF EQUIPMENT- MATERIALS HANDLING EQUIPMENT
N040,"INSTALLATION OF EQUIPMENT- ROPE, CABLE, CHAIN, AND FITTINGS"
N041,"INSTALLATION OF EQUIPMENT- REFRIGERATION, AIR CONDITIONING, AND AIR CIRCULATING EQUIPMENT"
N042,INSTALLATION OF EQUIPMENT- FIRE FIGHTING/RESCUE/SAFETY EQUIPMENT; ENVIRON PROTECT EQUIPMENT/MATLS
N043,INSTALLATION OF EQUIPMENT- PUMPS AND COMPRESSORS
N044,"INSTALLATION OF EQUIPMENT- FURNACE, STEAM PLANT, AND DRYING EQUIPMENT; NUCLEAR REACTORS"
N045,"INSTALLATION OF EQUIPMENT- PLUMBING, HEATING, AND WASTE DISPOSAL EQUIPMENT"
N046,INSTALLATION OF EQUIPMENT- WATER PURIFICATION AND SEWAGE TREATMENT EQUIPMENT
N047,"INSTALLATION OF EQUIPMENT- PIPE, TUBING, HOSE, AND FITTINGS"
N048,INSTALLATION OF EQUIPMENT- VALVES
N049,INSTALLATION OF EQUIPMENT- MAINTENANCE AND REPAIR SHOP EQUIPMENT
N051,INSTALLATION OF EQUIPMENT- HAND TOOLS
N052,INSTALLATION OF EQUIPMENT- MEASURING TOOLS
N053,INSTALLATION OF EQUIPMENT- HARDWARE AND ABRASIVES
N054,INSTALLATION OF EQUIPMENT- PREFABRICATED STRUCTURES AND SCAFFOLDING
N055,"INSTALLATION OF EQUIPMENT- LUMBER, MILLWORK, PLYWOOD, AND VENEER"
N056,INSTALLATION OF EQUIPMENT- CONSTRUCTION AND BUILDING MATERIALS
N059,INSTALLATION OF EQUIPMENT- ELECTRICAL AND ELECTRONIC EQUIPMENT COMPONENTS
N061,INSTALLATION OF EQUIPMENT- ELECTRIC WIRE AND POWER DISTRIBUTION EQUIPMENT
N062,INSTALLATION OF EQUIPMENT- LIGHTING FIXTURES AND LAMPS
N063,"INSTALLATION OF EQUIPMENT- ALARM, SIGNAL, AND SECURITY DETECTION SYSTEMS"
N065,"INSTALLATION OF EQUIPMENT- MEDICAL, DENTAL, AND VETERINARY EQUIPMENT AND SUPPLIES"
N066,INSTALLATION OF EQUIPMENT- INSTRUMENTS AND LABORATORY EQUIPMENT
N067,INSTALLATION OF EQUIPMENT- PHOTOGRAPHIC EQUIPMENT
N068,INSTALLATION OF EQUIPMENT- CHEMICALS AND CHEMICAL PRODUCTS
N069,INSTALLATION OF EQUIPMENT- TRAINING AIDS AND DEVICES
N071,INSTALLATION OF EQUIPMENT- FURNITURE
N072,INSTALLATION OF EQUIPMENT- HOUSEHOLD AND COMMERCIAL FURNISHINGS AND APPLIANCES
N073,INSTALLATION OF EQUIPMENT- FOOD PREPARATION AND SERVING EQUIPMENT
N074,"INSTALLATION OF EQUIPMENT- OFFICE MACHINES, TEXT PROCESSING SYSTEMS, AND VISIBLE RECORD EQUIPMENT"
N075,INSTALLATION OF EQUIPMENT- OFFICE SUPPLIES AND DEVICES
N076,"INSTALLATION OF EQUIPMENT- BOOKS, MAPS, AND OTHER PUBLICATIONS"
N077,INSTALLATION OF EQUIPMENT- MUSICAL INST/PHONOGRAPH/HOME RADIO
N078,INSTALLATION OF EQUIPMENT- RECREATIONAL AND ATHLETIC EQUIPMENT
N079,INSTALLATION OF EQUIPMENT- CLEANING EQUIPMENT AND SUPPLIES
N080,"INSTALLATION OF EQUIPMENT- BRUSHES, PAINTS, SEALERS, AND ADHESIVES"
N081,"INSTALLATION OF EQUIPMENT- CONTAINERS, PACKAGING, AND PACKING SUPPLIES"
N083,"INSTALLATION OF EQUIPMENT- TEXTILES, LEATHER, FURS, APPAREL AND SHOE FINDINGS, TENTS AND FLAGS"
N084,"INSTALLATION OF EQUIPMENT- CLOTHING, INDIVIDUAL EQUIPMENT, AND INSIGNIA"
N085,INSTALLATION OF EQUIPMENT- TOILETRIES
N087,INSTALLATION OF EQUIPMENT- AGRICULTURAL SUPPLIES
N088,INSTALLATION OF EQUIPMENT- LIVE ANIMALS
N089,INSTALLATION OF EQUIPMENT- SUBSISTENCE
N091,"INSTALLATION OF EQUIPMENT- FUELS, LUBRICANTS, OILS, AND WAXES"
N093,INSTALLATION OF EQUIPMENT- NONMETALLIC FABRICATED MATERIALS
N094,INSTALLATION OF EQUIPMENT- NONMETALLIC CRUDE MATERIALS
N095,"INSTALLATION OF EQUIPMENT- METAL BARS, SHEETS, AND SHAPES"
N096,"INSTALLATION OF EQUIPMENT- ORES, MINERALS, AND THEIR PRIMARY PRODUCTS"
N099,INSTALLATION OF EQUIPMENT- MISCELLANEOUS
P,SALVAGE SERVICES
P1,DISPOSAL OF EXCESS/SURPLUS PROPERTY
P100,SALVAGE- PREPARATION AND DISPOSAL OF EXCESS/SURPLUS PROPERTY
P2,SALVAGE OF AIRCRAFT
P200,SALVAGE- AIRCRAFT
P3,SALVAGE OF MARINE VESSELS
P300,SALVAGE- MARINE VESSELS
P4,DEMOLITION OF BUILDINGS
P400,SALVAGE- DEMOLITION OF BUILDINGS
P5,DEMOLITION OF NONBUILDING FACILITY
P500,SALVAGE- DEMOLITION OF STRUCTURES/FACILITIES (OTHER THAN BUILDINGS)
P9,OTHER SALVAGE SERVICES
P999,SALVAGE- OTHER
Q,MEDICAL SERVICES
Q1,DEPENDENT MEDICARE SERVICES
Q101,MEDICAL- DEPENDENT MEDICARE
Q2,GENERAL HEALTH CARE SERVICES
Q201,MEDICAL- MANAGED HEALTHCARE
Q3,LABORATORY TESTING SERVICES
Q301,REFERENCE LABORATORY TESTING
Q4,"NURSING, NURSING HOME, EVAL/SCREEN"
Q401,MEDICAL- NURSING
Q402,"NURSING HOME, LONG-TERM & ADULT DAY CARE SERVICES"
Q403,MEDICAL- EVALUATION/SCREENING
Q5,"MEDICAL, DENTAL, AND SURGICAL SVCS"
Q501,MEDICAL- ANESTHESIOLOGY
Q502,CARDIOLOGY
Q503,MEDICAL- DENTISTRY
Q504,MEDICAL- DERMATOLOGY
Q505,MEDICAL- GASTROENTEROLOGY
Q507,OBSTETRICS & GYNECOLOGY
Q508,HEMATOLOGY & ONCOLOGY
Q509,FAMILY & INTERNAL MEDICINE SERVICES
Q510,MEDICAL- NEUROLOGY
Q511,OPHTHALMOLOGY & OPTOMETRY
Q513,ORTHOPEDIC SURGERY SERVICES
Q514,MEDICAL- OTOLARYNGOLOGY
Q515,MEDICAL- PATHOLOGY
Q516,MEDICAL- PEDIATRIC
Q517,PHARMACY SERVICES
Q518,MEDICAL- PHYSICAL MEDICINE/REHABILITATION
Q519,BEHAVIORAL AND MENTAL HEALTH
Q520,MEDICAL- PODIATRY
Q521,MEDICAL- PULMONARY
Q522,MEDICAL- RADIOLOGY
Q523,MEDICAL- SURGERY
Q524,CARDIOTHORACIC SURGERY
Q525,MEDICAL- UROLOGY
Q527,MEDICAL- NUCLEAR MEDICINE
Q528,SOCIAL WORK
Q529,EMERGENCY MEDICINE SERVICES
Q530,ENDOCRINOLOGY MEDICINE SERVICES
Q531,NEPHROLOGY MEDICINE SERVICES
Q532,CHIROPRACTIC & ACUPUNCTURE SERVICES
Q533,OCCUPATIONAL & PUBLIC HEALTH SERVICES
Q6,CERTIFIED MEDICAL SUPPORT
Q601,MEDICAL CODING AND AUDITING
Q602,MEDICAL RECORDS
Q603,MEDICAL TRANSCRIPTIONS
Q7,SPECIALIZED TECHNICAL/ MEDICAL SUPPORT
Q701,SPECIALIZED MEDICAL SUPPORT
Q702,TECHNICAL MEDICAL SUPPORT
Q8,CLERICAL MEDICAL SUPPORT
Q801,MEDICAL APPOINTING SERVICES
Q802,CLERICAL MEDICAL SUPPORT
Q9,OTHER MEDICAL SERVICES
Q901,HEALTHCARE ENVIRONMENTAL CLEANING
Q999,MEDICAL- OTHER
R,"SUPPORT SVCS (PROF, ADMIN, MGMT)"
R1,BUILDINGS AND FACILITIES (OBSOLETE)
R2,ARCHITECT-ENGINEER (OBSOLETE CODES)
R3,ADP SERVICES (OBSOLETE CODES)
R4,PROFESSIONAL SERVICES
R401,SUPPORT- PROFESSIONAL: PERSONAL CARE (NON-MEDICAL)
R402,SUPPORT- PROFESSIONAL: REAL ESTATE BROKERAGE
R404,SUPPORT- PROFESSIONAL: LAND SURVEYS-CADASTRAL (NON-CONSTRUCTION)
R405,SUPPORT- PROFESSIONAL: OPERATIONS RESEARCH/QUANTITATIVE ANALYSIS
R406,SUPPORT- PROFESSIONAL: POLICY REVIEW/DEVELOPMENT
R408,SUPPORT- PROFESSIONAL: PROGRAM MANAGEMENT/SUPPORT
R410,SUPPORT- PROFESSIONAL: PROGRAM EVALUATION/REVIEW/DEVELOPMENT
R411,SUPPORT- PROFESSIONAL: REAL PROPERTY APPRAISALS
R412,SUPPORT- PROFESSIONAL: SIMULATION
R416,SUPPORT- PROFESSIONAL: VETERINARY/ANIMAL CARE
R418,SUPPORT- PROFESSIONAL: LEGAL
R420,SUPPORT- PROFESSIONAL: CERTIFICATIONS AND ACCREDITATIONS (OTHER THAN EDUC OR INFO TECH C&A)
R422,SUPPORT- PROFESSIONAL: MARKET RESEARCH/PUBLIC OPINION
R423,SUPPORT- PROFESSIONAL: INTELLIGENCE
R424,SUPPORT- PROFESSIONAL: EXPERT WITNESS
R425,SUPPORT- PROFESSIONAL: ENGINEERING/TECHNICAL
R426,SUPPORT- PROFESSIONAL: COMMUNICATIONS
R427,SUPPORT- PROFESSIONAL: WEATHER REPORTING/OBSERVATION
R428,SUPPORT- PROFESSIONAL: INDUSTRIAL HYGIENICS
R429,SUPPORT- PROFESSIONAL: EMERGENCY RESPONSE/DISASTER PLANNING/PREPAREDNESS SUPPORT
R430,SUPPORT- PROFESSIONAL: PHYSICAL SECURITY AND BADGING
R431,SUPPORT- PROFESSIONAL: HUMAN RESOURCES
R497,SUPPORT- PROFESSIONAL: PERSONAL SERVICES CONTRACTS
R498,SUPPORT- PROFESSIONAL: PATENT AND TRADEMARK
R499,SUPPORT- PROFESSIONAL: OTHER
R5,STUDIES (OBSOLETE CODES)
R6,ADMINISTRATIVE SUPPORT SERVICES
R602,SUPPORT- ADMINISTRATIVE: COURIER/MESSENGER
R603,SUPPORT- ADMINISTRATIVE: TRANSCRIPTION
R604,SUPPORT- ADMINISTRATIVE: MAILING/DISTRIBUTION
R605,SUPPORT- ADMINISTRATIVE: LIBRARY
R606,SUPPORT- ADMINISTRATIVE: COURT REPORTING
R607,SUPPORT- ADMINISTRATIVE: WORD PROCESSING/TYPING
R608,SUPPORT- ADMINISTRATIVE: TRANSLATION AND INTERPRETING
R609,SUPPORT- ADMINISTRATIVE: STENOGRAPHIC
R610,SUPPORT- ADMINISTRATIVE:- PERSONAL PROPERTY MANAGEMENT
R611,SUPPORT- ADMINISTRATIVE: CREDIT REPORTING
R612,SUPPORT- ADMINISTRATIVE: INFORMATION RETRIEVAL
R613,SUPPORT- ADMINISTRATIVE: POST OFFICE
R614,SUPPORT- ADMINISTRATIVE: PAPER SHREDDING
R615,SUPPORT- ADMINISTRATIVE: BACKGROUND INVESTIGATION
R616,SUPPORT – ADMINISTRATIVE: PHYSICAL RECORDS MANAGEMENT SERVICES
R617,SUPPORT – ADMINISTRATIVE: ELECTRONIC RECORDS MANAGEMENT SERVICES
R699,SUPPORT- ADMINISTRATIVE: OTHER
R7,MANAGEMENT SUPPORT SERVICES
R701,SUPPORT- MANAGEMENT: ADVERTISING
R702,SUPPORT- MANAGEMENT: DATA COLLECTION
R703,SUPPORT- MANAGEMENT: ACCOUNTING
R704,SUPPORT- MANAGEMENT: AUDITING
R705,SUPPORT- MANAGEMENT: DEBT COLLECTION
R706,SUPPORT- MANAGEMENT: LOGISTICS SUPPORT
R707,SUPPORT- MANAGEMENT: CONTRACT/PROCUREMENT/ACQUISITION SUPPORT
R708,SUPPORT- MANAGEMENT: PUBLIC RELATIONS
R710,SUPPORT- MANAGEMENT: FINANCIAL
R711,SUPPORT- MANAGEMENT: BANKING
R712,SUPPORT- MANAGEMENT: COIN MINTING
R713,SUPPORT- MANAGEMENT: BANKNOTE PRINTING
R799,SUPPORT- MANAGEMENT: OTHER
S,UTILITIES AND HOUSEKEEPING
S1,UTILITIES
S111,UTILITIES- GAS
S112,UTILITIES- ELECTRIC
S114,UTILITIES- WATER
S119,UTILITIES- OTHER
S2,HOUSEKEEPING SERVICES
S201,HOUSEKEEPING- CUSTODIAL JANITORIAL
S202,HOUSEKEEPING- FIRE PROTECTION
S203,HOUSEKEEPING- FOOD
S204,HOUSEKEEPING- FUELING AND OTHER PETROLEUM
S205,HOUSEKEEPING- TRASH/GARBAGE COLLECTION
S206,HOUSEKEEPING- GUARD
S207,HOUSEKEEPING- INSECT/RODENT CONTROL
S208,HOUSEKEEPING- LANDSCAPING/GROUNDSKEEPING
S209,HOUSEKEEPING- LAUNDRY/DRYCLEANING
S211,HOUSEKEEPING- SURVEILLANCE
S212,HOUSEKEEPING- SOLID FUEL HANDLING
S214,HOUSEKEEPING- CARPET LAYING/CLEANING
S215,HOUSEKEEPING- WAREHOUSING/STORAGE
S216,HOUSEKEEPING- FACILITIES OPERATIONS SUPPORT
S217,HOUSEKEEPING- INTERIOR PLANTSCAPING
S218,HOUSEKEEPING- SNOW REMOVAL/SALT
S222,HOUSEKEEPING- WASTE TREATMENT/STORAGE
S299,HOUSEKEEPING- OTHER
T,"PHOTO, MAP, PRINT, PUBLICATION"
T0,"PHOTOGR, MAPPING, PRINTING, PUBLISH"
T001,PHOTO/MAP/PRINT/PUBLICATION- ARTS/GRAPHICS
T002,PHOTO/MAP/PRINT/PUBLICATION- CARTOGRAPHY
T003,PHOTO/MAP/PRINT/PUBLICATION- CATALOGING
T004,PHOTO/MAP/PRINT/PUBLICATION- CHARTING
T005,PHOTO/MAP/PRINT/PUBLICATION- FILM PROCESSING
T006,PHOTO/MAP/PRINT/PUBLICATION- FILM/VIDEO TAPE PRODUCTION
T007,PHOTO/MAP/PRINT/PUBLICATION- MICROFORM
T008,PHOTO/MAP/PRINT/PUBLICATION- PHOTOGRAMMETRY
T009,PHOTO/MAP/PRINT/PUBLICATION- AERIAL PHOTOGRAPHIC
T010,PHOTO/MAP/PRINT/PUBLICATION- GENERAL PHOTOGRAPHIC: STILL
T011,PHOTO/MAP/PRINT/PUBLICATION- PRINT/BINDING
T012,PHOTO/MAP/PRINT/PUBLICATION- REPRODUCTION
T013,PHOTO/MAP/PRINT/PUBLICATION- TECHNICAL WRITING
T014,PHOTO/MAP/PRINT/PUBLICATION- TOPOGRAPHY
T015,PHOTO/MAP/PRINT/PUBLICATION- GENERAL PHOTOGRAPHIC: MOTION
T016,PHOTO/MAP/PRINT/PUBLICATION- AUDIO/VISUAL
T099,PHOTO/MAP/PRINT/PUBLICATION- OTHER
U,EDUCATION AND TRAINING
U0,EDUCATION AND TRAINING SERVICES
U001,EDUCATION/TRAINING- LECTURES
U002,EDUCATION/TRAINING- PERSONNEL TESTING
U003,EDUCATION/TRAINING- RESERVE TRAINING (MILITARY)
U004,EDUCATION/TRAINING- SCIENTIFIC/MANAGEMENT
U005,EDUCATION/TRAINING- TUITION/REGISTRATION/MEMBERSHIP FEES
U006,EDUCATION/TRAINING- VOCATIONAL/TECHNICAL
U007,EDUCATION/TRAINING- FACULTY SALARIES FOR DEPENDENT SCHOOLS
U008,EDUCATION/TRAINING- TRAINING/CURRICULUM DEVELOPMENT
U009,EDUCATION/TRAINING- GENERAL
U010,EDUCATION/TRAINING- CERTIFICATIONS/ACCREDITATIONS FOR EDUCATIONAL INSTITUTIONS
U011,EDUCATION/TRAINING- AIDS/HIV
U012,EDUCATION/TRAINING- INFORMATION TECHNOLOGY/TELECOMMUNICATIONS TRAINING
U013,EDUCATION/TRAINING- COMBAT
U014,EDUCATION/TRAINING- SECURITY
U099,EDUCATION/TRAINING- OTHER
V,"TRANSPORT, TRAVEL, RELOCATION"
V0,MOTOR POOL OR PACKING/CRATING
V001,TRANSPORTATION/TRAVEL/RELOCATION- MOTOR POOL AND PACKING/CRATING: GBL/GTR PROCS
V002,TRANSPORTATION/TRAVEL/RELOCATION- MOTOR POOL AND PACKING/CRATING: MOTOR POOL OPERATIONS
V003,TRANSPORTATION/TRAVEL/RELOCATION- MOTOR POOL AND PACKING/CRATING: PACKING/CRATING
V1,TRANSPORTATION OF THINGS
V111,TRANSPORTATION/TRAVEL/RELOCATION- TRANSPORTATION: AIR FREIGHT
V112,TRANSPORTATION/TRAVEL/RELOCATION- TRANSPORTATION: MOTOR FREIGHT
V113,TRANSPORTATION/TRAVEL/RELOCATION- TRANSPORTATION: RAIL FREIGHT
V114,TRANSPORTATION/TRAVEL/RELOCATION- TRANSPORTATION: STEVEDORING
V115,TRANSPORTATION/TRAVEL/RELOCATION- TRANSPORTATION: VESSEL FREIGHT
V119,TRANSPORTATION/TRAVEL/RELOCATION- TRANSPORTATION: OTHER
V121,TRANSPORTATION/TRAVEL/RELOCATION- TRANSPORTATION: AIR CHARTER
V122,TRANSPORTATION/TRAVEL/RELOCATION- TRANSPORTATION: MOTOR CHARTER
V123,TRANSPORTATION/TRAVEL/RELOCATION- TRANSPORTATION: RAIL CHARTER
V124,TRANSPORTATION/TRAVEL/RELOCATION- TRANSPORTATION: MARINE CHARTER
V125,TRANSPORTATION/TRAVEL/RELOCATION- TRANSPORTATION: VESSEL TOWING
V126,TRANSPORTATION/TRAVEL/RELOCATION- TRANSPORTATION: SPACE TRANSPORTATION/LAUNCH
V127,TRANSPORTATION/TRAVEL/RELOCATION- TRANSPORTATION: SECURITY VEHICLE
V129,TRANSPORTATION/TRAVEL/RELOCATION- TRANSPORTATION: OTHER
V2,"TRAVEL, LODGING, RECRUITMENT SVCS"
V211,TRANSPORTATION/TRAVEL/RELOCATION- TRAVEL/LODGING/RECRUITMENT: AIR PASSENGER
V212,TRANSPORTATION/TRAVEL/RELOCATION- TRAVEL/LODGING/RECRUITMENT: MOTOR PASSENGER
V213,TRANSPORTATION/TRAVEL/RELOCATION- TRAVEL/LODGING/RECRUITMENT: RAIL PASSENGER
V214,TRANSPORTATION/TRAVEL/RELOCATION- TRAVEL/LODGING/RECRUITMENT: MARINE PASSENGER
V221,TRANSPORTATION/TRAVEL/RELOCATION- TRAVEL/LODGING/RECRUITMENT: PASSENGER AIR CHARTER
V222,TRANSPORTATION/TRAVEL/RELOCATION- TRAVEL/LODGING/RECRUITMENT: PASSENGER MOTOR CHARTER
V223,TRANSPORTATION/TRAVEL/RELOCATION- TRAVEL/LODGING/RECRUITMENT: PASSENGER RAIL CHARTER
V224,TRANSPORTATION/TRAVEL/RELOCATION- TRAVEL/LODGING/RECRUITMENT: PASSENGER MARINE CHARTER
V225,TRANSPORTATION/TRAVEL/RELOCATION- TRAVEL/LODGING/RECRUITMENT: AMBULANCE
V226,TRANSPORTATION/TRAVEL/RELOCATION- TRAVEL/LODGING/RECRUITMENT: TAXICAB
V227,TRANSPORTATION/TRAVEL/RELOCATION- TRAVEL/LODGING/RECRUITMENT: NAVIGATIONAL AID AND PILOTAGE
V228,TRANSPORTATION/TRAVEL/RELOCATION- TRAVEL/LODGING/RECRUITMENT: PORT OPERATIONS
V229,TRANSPORT/TRAVEL/RELOCATION- TRAVEL/LODGING/RECRUIT: PURCH OF TRANSIT/PUBLIC TRANSPORT FARE MEDIA
V231,"TRANSPORTATION/TRAVEL/RELOCATION- TRAVEL/LODGING/RECRUITMENT: LODGING, HOTEL/MOTEL"
V241,TRANSPORTATION/TRAVEL/RELOCATION- TRAVEL/LODGING/RECRUITMENT: MILITARY PERSONNEL RECRUITMENT
V251,TRANSPORTATION/TRAVEL/RELOCATION- TRAVEL/LODGING/RECRUITMENT: CIVILIAN PERSONNEL RECRUITMENT
V3,RELOCATION OR TRAVEL AGENT SERVICES
V301,TRANSPORTATION/TRAVEL/RELOCATION- RELOCATION: RELOCATION
V302,TRANSPORTATION/TRAVEL/RELOCATION- RELOCATION: TRAVEL AGENT
V9,"OTHER TRANSPORT, TRAVEL, RELOCAT SV"
V999,TRANSPORTATION/TRAVEL/RELOCATION- OTHER: OTHER
W,LEASE/RENT EQUIPMENT
W0,LEASE OR RENTAL OF EQUIPMENT
W010,LEASE OR RENTAL OF EQUIPMENT- WEAPONS
W011,LEASE OR RENTAL OF EQUIPMENT- NUCLEAR ORDNANCE
W012,LEASE OR RENTAL OF EQUIPMENT- FIRE CONTROL EQUIPMENT
W013,LEASE OR RENTAL OF EQUIPMENT- AMMUNITION AND EXPLOSIVES
W014,LEASE OR RENTAL OF EQUIPMENT- GUIDED MISSILES
W015,LEASE OR RENTAL OF EQUIPMENT- AIRCRAFT AND AIRFRAME STRUCTURAL COMPONENTS
W016,LEASE OR RENTAL OF EQUIPMENT- AIRCRAFT COMPONENTS AND ACCESSORIES
W017,"LEASE OR RENTAL OF EQUIPMENT- AIRCRAFT LAUNCHING, LANDING, AND GROUND HANDLING EQUIPMENT"
W018,LEASE OR RENTAL OF EQUIPMENT- SPACE VEHICLES
W019,"LEASE OR RENTAL OF EQUIPMENT- SHIPS, SMALL CRAFT, PONTOONS, AND FLOATING DOCKS"
W020,LEASE OR RENTAL OF EQUIPMENT- SHIP AND MARINE EQUIPMENT
W022,LEASE OR RENTAL OF EQUIPMENT- RAILWAY EQUIPMENT
W023,"LEASE OR RENTAL OF EQUIPMENT- GROUND EFFECT VEHICLES, MOTOR VEHICLES, TRAILERS, AND CYCLES"
W024,LEASE OR RENTAL OF EQUIPMENT- TRACTORS
W025,LEASE OR RENTAL OF EQUIPMENT- VEHICULAR EQUIPMENT COMPONENTS
W026,LEASE OR RENTAL OF EQUIPMENT- TIRES AND TUBES
W028,"LEASE OR RENTAL OF EQUIPMENT- ENGINES, TURBINES, AND COMPONENTS"
W029,LEASE OR RENTAL OF EQUIPMENT- ENGINE ACCESSORIES
W030,LEASE OR RENTAL OF EQUIPMENT- MECHANICAL POWER TRANSMISSION EQUIPMENT
W031,LEASE OR RENTAL OF EQUIPMENT- BEARINGS
W032,LEASE OR RENTAL OF EQUIPMENT- WOODWORKING MACHINERY AND EQUIPMENT
W034,LEASE OR RENTAL OF EQUIPMENT- METALWORKING MACHINERY
W035,LEASE OR RENTAL OF EQUIPMENT- SERVICE AND TRADE EQUIPMENT
W036,LEASE OR RENTAL OF EQUIPMENT- SPECIAL INDUSTRY MACHINERY
W037,LEASE OR RENTAL OF EQUIPMENT- AGRICULTURAL MACHINERY AND EQUIPMENT
W038,"LEASE OR RENTAL OF EQUIPMENT- CONSTRUCTION, MINING, EXCAVATING, AND HIGHWAY MAINTENANCE EQUIPMENT"
W039,LEASE OR RENTAL OF EQUIPMENT- MATERIALS HANDLING EQUIPMENT
W040,"LEASE OR RENTAL OF EQUIPMENT- ROPE, CABLE, CHAIN, AND FITTINGS"
W041,"LEASE OR RENTAL OF EQUIPMENT- REFRIGERATION, AIR CONDITIONING, AND AIR CIRCULATING EQUIPMENT"
W042,LEASE OR RENTAL OF EQUIPMENT- FIRE FIGHTING/RESCUE/SAFETY EQUIPMENT; ENVIRON PROTECT EQUIPMENT/MATLS
W043,LEASE OR RENTAL OF EQUIPMENT- PUMPS AND COMPRESSORS
W044,"LEASE OR RENTAL OF EQUIPMENT- FURNACE, STEAM PLANT, AND DRYING EQUIPMENT; NUCLEAR REACTORS"
W045,"LEASE OR RENTAL OF EQUIPMENT- PLUMBING, HEATING, AND WASTE DISPOSAL EQUIPMENT"
W046,LEASE OR RENTAL OF EQUIPMENT- WATER PURIFICATION AND SEWAGE TREATMENT EQUIPMENT
W047,"LEASE OR RENTAL OF EQUIPMENT- PIPE, TUBING, HOSE, AND FITTINGS"
W048,LEASE OR RENTAL OF EQUIPMENT- VALVES
W049,LEASE OR RENTAL OF EQUIPMENT- MAINTENANCE AND REPAIR SHOP EQUIPMENT
W051,LEASE OR RENTAL OF EQUIPMENT- HAND TOOLS
W052,LEASE OR RENTAL OF EQUIPMENT- MEASURING TOOLS
W053,LEASE OR RENTAL OF EQUIPMENT- HARDWARE AND ABRASIVES
W054,LEASE OR RENTAL OF EQUIPMENT- PREFABRICATED STRUCTURES AND SCAFFOLDING
W055,"LEASE OR RENTAL OF EQUIPMENT- LUMBER, MILLWORK, PLYWOOD, AND VENEER"
W056,LEASE OR RENTAL OF EQUIPMENT- CONSTRUCTION AND BUILDING MATERIALS
W059,LEASE OR RENTAL OF EQUIPMENT- ELECTRICAL AND ELECTRONIC EQUIPMENT COMPONENTS
W060,"LEASE OR RENTAL OF EQUIPMENT- FIBER OPTICS MATERIALS, COMPONENTS, ASSEMBLIES, AND ACCESSORIES"
W061,LEASE OR RENTAL OF EQUIPMENT- ELECTRIC WIRE AND POWER DISTRIBUTION EQUIPMENT
W062,LEASE OR RENTAL OF EQUIPMENT- LIGHTING FIXTURES AND LAMPS
W063,"LEASE OR RENTAL OF EQUIPMENT- ALARM, SIGNAL, AND SECURITY DETECTION SYSTEMS"
W065,"LEASE OR RENTAL OF EQUIPMENT- MEDICAL, DENTAL, AND VETERINARY EQUIPMENT AND SUPPLIES"
W066,LEASE OR RENTAL OF EQUIPMENT- INSTRUMENTS AND LABORATORY EQUIPMENT
W067,LEASE OR RENTAL OF EQUIPMENT- PHOTOGRAPHIC EQUIPMENT
W068,LEASE OR RENTAL OF EQUIPMENT- CHEMICALS AND CHEMICAL PRODUCTS
W069,LEASE OR RENTAL OF EQUIPMENT- TRAINING AIDS AND DEVICES
W071,LEASE OR RENTAL OF EQUIPMENT- FURNITURE
W072,LEASE OR RENTAL OF EQUIPMENT- HOUSEHOLD AND COMMERCIAL FURNISHINGS AND APPLIANCES
W073,LEASE OR RENTAL OF EQUIPMENT- FOOD PREPARATION AND SERVING EQUIPMENT
W074,"LEASE OR RENTAL OF EQUIPMENT- OFFICE MACHINES, TEXT PROCESSING SYSTEMS, AND VISIBLE RECORD EQUIPMENT"
W075,LEASE OR RENTAL OF EQUIPMENT- OFFICE SUPPLIES AND DEVICES
W076,"LEASE OR RENTAL OF EQUIPMENT- BOOKS, MAPS, AND OTHER PUBLICATIONS"
W077,LEASE OR RENTAL OF EQUIPMENT- MUSICAL INST/PHONOGRAPH/HOME RADIO
W078,LEASE OR RENTAL OF EQUIPMENT- RECREATIONAL AND ATHLETIC EQUIPMENT
W079,LEASE OR RENTAL OF EQUIPMENT- CLEANING EQUIPMENT AND SUPPLIES
W080,"LEASE OR RENTAL OF EQUIPMENT- BRUSHES, PAINTS, SEALERS, AND ADHESIVES"
W081,"LEASE OR RENTAL OF EQUIPMENT- CONTAINERS, PACKAGING, AND PACKING SUPPLIES"
W083,"LEASE OR RENTAL OF EQUIPMENT- TEXTILES, LEATHER, FURS, APPAREL AND SHOE FINDINGS, TENTS AND FLAGS"
W084,"LEASE OR RENTAL OF EQUIPMENT- CLOTHING, INDIVIDUAL EQUIPMENT, AND INSIGNIA"
W085,LEASE OR RENTAL OF EQUIPMENT- TOILETRIES
W087,LEASE OR RENTAL OF EQUIPMENT- AGRICULTURAL SUPPLIES
W088,LEASE OR RENTAL OF EQUIPMENT- LIVE ANIMALS
W089,LEASE OR RENTAL OF EQUIPMENT- SUBSISTENCE
W091,"LEASE OR RENTAL OF EQUIPMENT- FUELS, LUBRICANTS, OILS, AND WAXES"
W093,LEASE OR RENTAL OF EQUIPMENT- NONMETALLIC FABRICATED MATERIALS
W094,LEASE OR RENTAL OF EQUIPMENT- NONMETALLIC CRUDE MATERIALS
W095,"LEASE OR RENTAL OF EQUIPMENT- METAL BARS, SHEETS, AND SHAPES"
W096,"LEASE OR RENTAL OF EQUIPMENT- ORES, MINERALS, AND THEIR PRIMARY PRODUCTS"
W099,LEASE OR RENTAL OF EQUIPMENT- MISCELLANEOUS
X,LEASE/RENT FACILITIES
X1,LEASE/RENTAL OF BUILDINGS
X1AA,LEASE/RENTAL OF OFFICE BUILDINGS
X1AB,LEASE/RENTAL OF CONFERENCE SPACE AND FACILITIES
X1AZ,LEASE/RENTAL OF OTHER ADMINISTRATIVE FACILITIES AND SERVICE BUILDINGS
X1BA,LEASE/RENTAL OF AIR TRAFFIC CONTROL TOWERS
X1BB,LEASE/RENTAL OF AIR TRAFFIC CONTROL TRAINING FACILITIES
X1BC,LEASE/RENTAL OF RADAR AND NAVIGATIONAL FACILITIES
X1BD,LEASE/RENTAL OF AIRPORT RUNWAYS AND TAXIWAYS
X1BE,LEASE/RENTAL OF AIRPORT TERMINALS
X1BF,LEASE/RENTAL OF MISSILE SYSTEM FACILITIES
X1BG,LEASE/RENTAL OF ELECTRONIC AND COMMUNICATIONS FACILITIES
X1BZ,LEASE/RENTAL OF OTHER AIRFIELD STRUCTURES
X1CA,LEASE/RENTAL OF SCHOOLS
X1CZ,LEASE/RENTAL OF OTHER EDUCATIONAL BUILDINGS
X1DA,LEASE/RENTAL OF HOSPITALS AND INFIRMARIES
X1DB,LEASE/RENTAL OF LABORATORIES AND CLINICS
X1DZ,LEASE/RENTAL OF OTHER HOSPITAL BUILDINGS
X1EA,LEASE/RENTAL OF AMMUNITION FACILITIES
X1EB,LEASE/RENTAL OF MAINTENANCE BUILDINGS
X1EC,LEASE/RENTAL OF PRODUCTION BUILDINGS
X1ED,LEASE/RENTAL OF SHIP CONSTRUCTION AND REPAIR FACILITIES
X1EE,LEASE/RENTAL OF TANK AUTOMOTIVE FACILITIES
X1EZ,LEASE/RENTAL OF OTHER INDUSTRIAL BUILDINGS
X1FA,LEASE/RENTAL OF FAMILY HOUSING FACILITIES
X1FB,LEASE/RENTAL OF RECREATIONAL BUILDINGS
X1FC,LEASE/RENTAL OF TROOP HOUSING FACILITIES
X1FD,LEASE/RENTAL OF DINING FACILITIES
X1FE,LEASE/RENTAL OF RELIGIOUS FACILITIES
X1FF,LEASE/RENTAL OF PENAL FACILITIES
X1FZ,LEASE/RENTAL OF OTHER RESIDENTIAL BUILDINGS
X1GA,LEASE/RENTAL OF AMMUNITION STORAGE BUILDINGS
X1GB,LEASE/RENTAL OF FOOD OR GRAIN STORAGE BUILDINGS
X1GC,LEASE/RENTAL OF FUEL STORAGE BUILDINGS
X1GD,LEASE/RENTAL OF OPEN STORAGE FACILITIES
X1GZ,LEASE/RENTAL OF OTHER WAREHOUSE BUILDINGS
X1HA,LEASE/RENTAL OF GOVERNMENT-OWNED CONTRACTOR-OPERATED (GOCO) R&D FACILITIES
X1HB,LEASE/RENTAL OF GOVERNMENT-OWNED GOVERNMENT-OPERATED (GOGO) R&D FACILITIES
X1HC,LEASE/RENTAL OF GOVERNMENT-OWNED CONTRACTOR-OPERATED (GOCO) ENVIRONMENTAL LABORATORIES
X1HZ,LEASE/RENTAL OF GOVERNMENT-OWNED GOVERNMENT-OPERATED (GOGO) ENVIRONMENTAL LABORATORIES
X1JA,LEASE/RENTAL OF MUSEUMS AND EXHIBITION BUILDINGS
X1JB,LEASE/RENTAL OF TESTING AND MEASUREMENT BUILDINGS
X1JZ,LEASE/RENTAL OF MISCELLANEOUS BUILDINGS
X1KA,LEASE/RENTAL OF DAMS
X1KB,LEASE/RENTAL OF CANALS
X1KC,LEASE/RENTAL OF MINE FIRE CONTROL FACILITIES
X1KD,LEASE/RENTAL OF MINE SUBSIDENCE CONTROL FACILITIES
X1KE,LEASE/RENTAL OF SURFACE MINE RECLAMATION FACILITIES
X1KF,LEASE/RENTAL OF DREDGING FACILITIES
X1KZ,LEASE/RENTAL OF OTHER CONSERVATION AND DEVELOPMENT FACILITIES
X1LA,LEASE/RENTAL OF AIRPORT SERVICE ROADS
X1LB,"LEASE/RENTAL OF HIGHWAYS, ROADS, STREETS, BRIDGES, AND RAILWAYS"
X1LC,LEASE/RENTAL OF TUNNELS AND SUBSURFACE STRUCTURES
X1LZ,LEASE/RENTAL OF PARKING FACILITIES
X1MA,LEASE/RENTAL OF EPG FACILITIES - COAL
X1MB,LEASE/RENTAL OF EPG FACILITIES - GAS
X1MC,LEASE/RENTAL OF EPG FACILITIES - GEOTHERMAL
X1MD,LEASE/RENTAL OF EPG FACILITIES - HYDRO
X1ME,LEASE/RENTAL OF EPG FACILITIES - NUCLEAR
X1MF,LEASE/RENTAL OF EPG FACILITIES - PETROLEUM
X1MG,LEASE/RENTAL OF EPG FACILITIES - SOLAR
X1MH,LEASE/RENTAL OF EPG FACILITIES - WIND
X1MZ,"LEASE/RENTAL OF EPG FACILITIES - OTHER, INCLUDING TRANSMISSION"
X1NA,LEASE/RENTAL OF FUEL SUPPLY FACILITIES
X1NB,LEASE/RENTAL OF HEATING AND COOLING PLANTS
X1NC,LEASE/RENTAL OF POLLUTION ABATEMENT AND CONTROL FACILITIES
X1ND,LEASE/RENTAL OF SEWAGE AND WASTE FACILITIES
X1NE,LEASE/RENTAL OF WATER SUPPLY FACILITIES
X1NZ,LEASE/RENTAL OF OTHER UTILITIES
X1PA,LEASE/RENTAL OF RECREATION FACILITIES (NON-BUILDING)
X1PB,LEASE/RENTAL OF EXHIBIT DESIGN (NON-BUILDING)
X1PC,LEASE/RENTAL OF UNIMPROVED REAL PROPERTY (LAND)
X1PD,LEASE/RENTAL OF WASTE TREATMENT AND STORAGE FACILITIES
X1PZ,LEASE/RENTAL OF OTHER NON-BUILDING FACILITIES
X1QA,LEASE/RENTAL OF RESTORATION OF REAL PROPERTY (PUBLIC OR PRIVATE)
X2,LEASE/RENTAL NONBUILDING FACILITIES
X3,LEASE/RENTAL OF RESTORATION ACTIVS
Y,CONSTRUCT OF STRUCTURES/FACILITIES
Y1,CONSTRUCTION OF BUILDINGS
Y1AA,CONSTRUCTION OF OFFICE BUILDINGS
Y1AB,CONSTRUCTION OF CONFERENCE SPACE AND FACILITIES
Y1AZ,CONSTRUCTION OF OTHER ADMINISTRATIVE FACILITIES AND SERVICE BUILDINGS
Y1BA,CONSTRUCTION OF AIR TRAFFIC CONTROL TOWERS
Y1BB,CONSTRUCTION OF AIR TRAFFIC CONTROL TRAINING FACILITIES
Y1BC,CONSTRUCTION OF RADAR AND NAVIGATIONAL FACILITIES
Y1BD,CONSTRUCTION OF AIRPORT RUNWAYS AND TAXIWAYS
Y1BE,CONSTRUCTION OF AIRPORT TERMINALS
Y1BF,CONSTRUCTION OF MISSILE SYSTEM FACILITIES
Y1BG,CONSTRUCTION OF ELECTRONIC AND COMMUNICATIONS FACILITIES
Y1BZ,CONSTRUCTION OF OTHER AIRFIELD STRUCTURES
Y1CA,CONSTRUCTION OF SCHOOLS
Y1CZ,CONSTRUCTION OF OTHER EDUCATIONAL BUILDINGS
Y1DA,CONSTRUCTION OF HOSPITALS AND INFIRMARIES
Y1DB,CONSTRUCTION OF LABORATORIES AND CLINICS
Y1DZ,CONSTRUCTION OF OTHER HOSPITAL BUILDINGS
Y1EA,CONSTRUCTION OF AMMUNITION FACILITIES
Y1EB,CONSTRUCTION OF MAINTENANCE BUILDINGS
Y1EC,CONSTRUCTION OF PRODUCTION BUILDINGS
Y1ED,CONSTRUCTION OF SHIP CONSTRUCTION AND REPAIR FACILITIES
Y1EE,CONSTRUCTION OF TANK AUTOMOTIVE FACILITIES
Y1EZ,CONSTRUCTION OF OTHER INDUSTRIAL BUILDINGS
Y1FA,CONSTRUCTION OF FAMILY HOUSING FACILITIES
Y1FB,CONSTRUCTION OF RECREATIONAL BUILDINGS
Y1FC,CONSTRUCTION OF TROOP HOUSING FACILITIES
Y1FD,CONSTRUCTION OF DINING FACILITIES
Y1FE,CONSTRUCTION OF RELIGIOUS FACILITIES
Y1FF,CONSTRUCTION OF PENAL FACILITIES
Y1FZ,CONSTRUCTION OF OTHER RESIDENTIAL BUILDINGS
Y1GA,CONSTRUCTION OF AMMUNITION STORAGE BUILDINGS
Y1GB,CONSTRUCTION OF FOOD OR GRAIN STORAGE BUILDINGS
Y1GC,CONSTRUCTION OF FUEL STORAGE BUILDINGS
Y1GD,CONSTRUCTION OF OPEN STORAGE FACILITIES
Y1GZ,CONSTRUCTION OF OTHER WAREHOUSE BUILDINGS
Y1HA,CONSTRUCTION OF GOVERNMENT-OWNED CONTRACTOR-OPERATED (GOCO) R&D FACILITIES
Y1HB,CONSTRUCTION OF GOVERNMENT-OWNED GOVERNMENT-OPERATED (GOGO) R&D FACILITIES
Y1HC,CONSTRUCTION OF GOVERNMENT-OWNED CONTRACTOR-OPERATED (GOCO) ENVIRONMENTAL LABORATORIES
Y1HZ,CONSTRUCTION OF GOVERNMENT-OWNED GOVERNMENT-OPERATED (GOGO) ENVIRONMENTAL LABORATORIES
Y1JA,CONSTRUCTION OF MUSEUMS AND EXHIBITION BUILDINGS
Y1JB,CONSTRUCTION OF TESTING AND MEASUREMENT BUILDINGS
Y1JZ,CONSTRUCTION OF MISCELLANEOUS BUILDINGS
Y1KA,CONSTRUCTION OF DAMS
Y1KB,CONSTRUCTION OF CANALS
Y1KC,CONSTRUCTION OF MINE FIRE CONTROL FACILITIES
Y1KD,CONSTRUCTION OF MINE SUBSIDENCE CONTROL FACILITIES
Y1KE,CONSTRUCTION OF SURFACE MINE RECLAMATION FACILITIES
Y1KF,CONSTRUCTION OF DREDGING FACILITIES
Y1KZ,CONSTRUCTION OF OTHER CONSERVATION AND DEVELOPMENT FACILITIES
Y1LA,CONSTRUCTION OF AIRPORT SERVICE ROADS
Y1LB,"CONSTRUCTION OF HIGHWAYS, ROADS, STREETS, BRIDGES, AND RAILWAYS"
Y1LC,CONSTRUCTION OF TUNNELS AND SUBSURFACE STRUCTURES
Y1LZ,CONSTRUCTION OF PARKING FACILITIES
Y1MA,CONSTRUCTION OF EPG FACILITIES - COAL
Y1MB,CONSTRUCTION OF EPG FACILITIES - GAS
Y1MC,CONSTRUCTION OF EPG FACILITIES - GEOTHERMAL
Y1MD,CONSTRUCTION OF EPG FACILITIES - HYDRO
Y1ME,CONSTRUCTION OF EPG FACILITIES - NUCLEAR
Y1MF,CONSTRUCTION OF EPG FACILITIES - PETROLEUM
Y1MG,CONSTRUCTION OF EPG FACILITIES - SOLAR
Y1MH,CONSTRUCTION OF EPG FACILITIES - WIND
Y1MZ,"CONSTRUCTION OF EPG FACILITIES - OTHER, INCLUDING TRANSMISSION"
Y1NA,CONSTRUCTION OF FUEL SUPPLY FACILITIES
Y1NB,CONSTRUCTION OF HEATING AND COOLING PLANTS
Y1NC,CONSTRUCTION OF POLLUTION ABATEMENT AND CONTROL FACILITIES
Y1ND,CONSTRUCTION OF SEWAGE AND WASTE FACILITIES
Y1NE,CONSTRUCTION OF WATER SUPPLY FACILITIES
Y1NZ,CONSTRUCTION OF OTHER UTILITIES
Y1PA,CONSTRUCTION OF RECREATION FACILITIES (NON-BUILDING)
Y1PB,CONSTRUCTION OF EXHIBIT DESIGN (NON-BUILDING)
Y1PC,CONSTRUCTION OF UNIMPROVED REAL PROPERTY (LAND)
Y1PD,CONSTRUCTION OF WASTE TREATMENT AND STORAGE FACILITIES
Y1PZ,CONSTRUCTION OF OTHER NON-BUILDING FACILITIES
Y1QA,CONSTRUCTION OF RESTORATION OF REAL PROPERTY (PUBLIC OR PRIVATE)
Y2,CONSTRUCT NONBUILDING FACILITIES
Y3,CONSTRUCT OF RESTORATION ACTIVITIES
Z,"MAINT, REPAIR, ALTER REAL PROPERTY"
Z1,"MAINT, ALTER, REPAIR BUILDINGS"
Z1AA,MAINTENANCE OF OFFICE BUILDINGS
Z1AB,MAINTENANCE OF CONFERENCE SPACE AND FACILITIES
Z1AZ,MAINTENANCE OF OTHER ADMINISTRATIVE FACILITIES AND SERVICE BUILDINGS
Z1BA,MAINTENANCE OF AIR TRAFFIC CONTROL TOWERS
Z1BB,MAINTENANCE OF AIR TRAFFIC CONTROL TRAINING FACILITIES
Z1BC,MAINTENANCE OF RADAR AND NAVIGATIONAL FACILITIES
Z1BD,MAINTENANCE OF AIRPORT RUNWAYS AND TAXIWAYS
Z1BE,MAINTENANCE OF AIRPORT TERMINALS
Z1BF,MAINTENANCE OF MISSILE SYSTEM FACILITIES
Z1BG,MAINTENANCE OF ELECTRONIC AND COMMUNICATIONS FACILITIES
Z1BZ,MAINTENANCE OF OTHER AIRFIELD STRUCTURES
Z1CA,MAINTENANCE OF SCHOOLS
Z1CZ,MAINTENANCE OF OTHER EDUCATIONAL BUILDINGS
Z1DA,MAINTENANCE OF HOSPITALS AND INFIRMARIES
Z1DB,MAINTENANCE OF LABORATORIES AND CLINICS
Z1DZ,MAINTENANCE OF OTHER HOSPITAL BUILDINGS
Z1EA,MAINTENANCE OF AMMUNITION FACILITIES
Z1EB,MAINTENANCE OF MAINTENANCE BUILDINGS
Z1EC,MAINTENANCE OF PRODUCTION BUILDINGS
Z1ED,MAINTENANCE OF SHIP CONSTRUCTION AND REPAIR FACILITIES
Z1EE,MAINTENANCE OF TANK AUTOMOTIVE FACILITIES
Z1EZ,MAINTENANCE OF OTHER INDUSTRIAL BUILDINGS
Z1FA,MAINTENANCE OF FAMILY HOUSING FACILITIES
Z1FB,MAINTENANCE OF RECREATIONAL BUILDINGS
Z1FC,MAINTENANCE OF TROOP HOUSING FACILITIES
Z1FD,MAINTENANCE OF DINING FACILITIES
Z1FE,MAINTENANCE OF RELIGIOUS FACILITIES
Z1FF,MAINTENANCE OF PENAL FACILITIES
Z1FZ,MAINTENANCE OF OTHER RESIDENTIAL BUILDINGS
Z1GA,MAINTENANCE OF AMMUNITION STORAGE BUILDINGS
Z1GB,MAINTENANCE OF FOOD OR GRAIN STORAGE BUILDINGS
Z1GC,MAINTENANCE OF FUEL STORAGE BUILDINGS
Z1GD,MAINTENANCE OF OPEN STORAGE FACILITIES
Z1GZ,MAINTENANCE OF OTHER WAREHOUSE BUILDINGS
Z1HA,MAINTENANCE OF GOVERNMENT-OWNED CONTRACTOR-OPERATED (GOCO) R&D FACILITIES
Z1HB,MAINTENANCE OF GOVERNMENT-OWNED GOVERNMENT-OPERATED (GOGO) R&D FACILITIES
Z1HC,MAINTENANCE OF GOVERNMENT-OWNED CONTRACTOR-OPERATED (GOCO) ENVIRONMENTAL LABORATORIES
Z1HZ,MAINTENANCE OF GOVERNMENT-OWNED GOVERNMENT-OPERATED (GOGO) ENVIRONMENTAL LABORATORIES
Z1JA,MAINTENANCE OF MUSEUMS AND EXHIBITION BUILDINGS
Z1JB,MAINTENANCE OF TESTING AND MEASUREMENT BUILDINGS
Z1JZ,MAINTENANCE OF MISCELLANEOUS BUILDINGS
Z1KA,MAINTENANCE OF DAMS
Z1KB,MAINTENANCE OF CANALS
Z1KC,MAINTENANCE OF MINE FIRE CONTROL FACILITIES
Z1KD,MAINTENANCE OF MINE SUBSIDENCE CONTROL FACILITIES
Z1KE,MAINTENANCE OF SURFACE MINE RECLAMATION FACILITIES
Z1KF,MAINTENANCE OF DREDGING FACILITIES
Z1KZ,MAINTENANCE OF OTHER CONSERVATION AND DEVELOPMENT FACILITIES
Z1LA,MAINTENANCE OF AIRPORT SERVICE ROADS
Z1LB,MAINTENANCE OF HIGHWAYS/ROADS/STREETS/BRIDGES/RAILWAYS
Z1LC,MAINTENANCE OF TUNNELS AND SUBSURFACE STRUCTURES
Z1LZ,MAINTENANCE OF PARKING FACILITIES
Z1MA,MAINTENANCE OF EPG FACILITIES - COAL
Z1MB,MAINTENANCE OF EPG FACILITIES - GAS
Z1MC,MAINTENANCE OF EPG FACILITIES - GEOTHERMAL
Z1MD,MAINTENANCE OF EPG FACILITIES - HYDRO
Z1ME,MAINTENANCE OF EPG FACILITIES - NUCLEAR
Z1MF,MAINTENANCE OF EPG FACILITIES - PETROLEUM
Z1MG,MAINTENANCE OF EPG FACILITIES - SOLAR
Z1MH,MAINTENANCE OF EPG FACILITIES - WIND
Z1MZ,"MAINTENANCE OF EPG FACILITIES - OTHER, INCLUDING TRANSMISSION"
Z1NA,MAINTENANCE OF FUEL SUPPLY FACILITIES
Z1NB,MAINTENANCE OF HEATING AND COOLING PLANTS
Z1NC,MAINTENANCE OF POLLUTION ABATEMENT AND CONTROL FACILITIES
Z1ND,MAINTENANCE OF SEWAGE AND WASTE FACILITIES
Z1NE,MAINTENANCE OF WATER SUPPLY FACILITIES
Z1NZ,MAINTENANCE OF OTHER UTILITIES
Z1PA,MAINTENANCE OF RECREATION FACILITIES (NON-BUILDING)
Z1PB,MAINTENANCE OF EXHIBIT DESIGN (NON-BUILDING)
Z1PC,MAINTENANCE OF UNIMPROVED REAL PROPERTY (LAND)
Z1PD,MAINTENANCE OF WASTE TREATMENT AND STORAGE FACILITIES
Z1PZ,MAINTENANCE OF OTHER NON-BUILDING FACILITIES
Z1QA,MAINTENANCE OF RESTORATION OF REAL PROPERTY (PUBLIC OR PRIVATE)
Z2,"MAINT, ALTER, REPAIR NONBUILDINGS"
Z2AA,REPAIR OR ALTERATION OF OFFICE BUILDINGS
Z2AB,REPAIR OR ALTERATION OF CONFERENCE SPACE AND FACILITIES
Z2AZ,REPAIR OR ALTERATION OF OTHER ADMINISTRATIVE FACILITIES AND SERVICE BUILDINGS
Z2BA,REPAIR OR ALTERATION OF AIR TRAFFIC CONTROL TOWERS
Z2BB,REPAIR OR ALTERATION OF AIR TRAFFIC CONTROL TRAINING FACILITIES
Z2BC,REPAIR OR ALTERATION OF RADAR AND NAVIGATIONAL FACILITIES
Z2BD,REPAIR OR ALTERATION OF AIRPORT RUNWAYS AND TAXIWAYS
Z2BE,REPAIR OR ALTERATION OF AIRPORT TERMINALS
Z2BF,REPAIR OR ALTERATION OF MISSILE SYSTEM FACILITIES
Z2BG,REPAIR OR ALTERATION OF ELECTRONIC AND COMMUNICATIONS FACILITIES
Z2BZ,REPAIR OR ALTERATION OF OTHER AIRFIELD STRUCTURES
Z2CA,REPAIR OR ALTERATION OF SCHOOLS
Z2CZ,REPAIR OR ALTERATION OF OTHER EDUCATIONAL BUILDINGS
Z2DA,REPAIR OR ALTERATION OF HOSPITALS AND INFIRMARIES
Z2DB,REPAIR OR ALTERATION OF LABORATORIES AND CLINICS
Z2DZ,REPAIR OR ALTERATION OF OTHER HOSPITAL BUILDINGS
Z2EA,REPAIR OR ALTERATION OF AMMUNITION FACILITIES
Z2EB,REPAIR OR ALTERATION OF MAINTENANCE BUILDINGS
Z2EC,REPAIR OR ALTERATION OF PRODUCTION BUILDINGS
Z2ED,REPAIR OR ALTERATION OF SHIP CONSTRUCTION AND REPAIR FACILITIES
Z2EE,REPAIR OR ALTERATION OF TANK AUTOMOTIVE FACILITIES
Z2EZ,REPAIR OR ALTERATION OF OTHER INDUSTRIAL BUILDINGS
Z2FA,REPAIR OR ALTERATION OF FAMILY HOUSING FACILITIES
Z2FB,REPAIR OR ALTERATION OF RECREATIONAL BUILDINGS
Z2FC,REPAIR OR ALTERATION OF TROOP HOUSING FACILITIES
Z2FD,REPAIR OR ALTERATION OF DINING FACILITIES
Z2FE,REPAIR OR ALTERATION OF RELIGIOUS FACILITIES
Z2FF,REPAIR OR ALTERATION OF PENAL FACILITIES
Z2FZ,REPAIR OR ALTERATION OF OTHER RESIDENTIAL BUILDINGS
Z2GA,REPAIR OR ALTERATION OF AMMUNITION STORAGE BUILDINGS
Z2GB,REPAIR OR ALTERATION OF FOOD OR GRAIN STORAGE BUILDINGS
Z2GC,REPAIR OR ALTERATION OF FUEL STORAGE BUILDINGS
Z2GD,REPAIR OR ALTERATION OF OPEN STORAGE FACILITIES
Z2GZ,REPAIR OR ALTERATION OF OTHER WAREHOUSE BUILDINGS
Z2HA,REPAIR OR ALTERATION OF GOVERNMENT-OWNED CONTRACTOR-OPERATED (GOCO) R&D FACILITIES
Z2HB,REPAIR OR ALTERATION OF GOVERNMENT-OWNED GOVERNMENT-OPERATED (GOGO) R&D FACILITIES
Z2HC,REPAIR OR ALTERATION OF GOVERNMENT-OWNED CONTRACTOR-OPERATED (GOCO) ENVIRONMENTAL LABORATORIES
Z2HZ,REPAIR OR ALTERATION OF GOVERNMENT-OWNED GOVERNMENT-OPERATED (GOGO) ENVIRONMENTAL LABORATORIES
Z2JA,REPAIR OR ALTERATION OF MUSEUMS AND EXHIBITION BUILDINGS
Z2JB,REPAIR OR ALTERATION OF TESTING AND MEASUREMENT BUILDINGS
Z2JZ,REPAIR OR ALTERATION OF MISCELLANEOUS BUILDINGS
Z2KA,REPAIR OR ALTERATION OF DAMS
Z2KB,REPAIR OR ALTERATION OF CANALS
Z2KC,REPAIR OR ALTERATION OF MINE FIRE CONTROL FACILITIES
Z2KD,REPAIR OR ALTERATION OF MINE SUBSIDENCE CONTROL FACILITIES
Z2KE,REPAIR OR ALTERATION OF SURFACE MINE RECLAMATION FACILITIES
Z2KF,REPAIR OR ALTERATION OF DREDGING FACILITIES
Z2KZ,REPAIR OR ALTERATION OF OTHER CONSERVATION AND DEVELOPMENT FACILITIES
Z2LA,REPAIR OR ALTERATION OF AIRPORT SERVICE ROADS
Z2LB,REPAIR OR ALTERATION OF HIGHWAYS/ROADS/STREETS/BRIDGES/RAILWAYS
Z2LC,REPAIR OR ALTERATION OF TUNNELS AND SUBSURFACE STRUCTURES
Z2LZ,REPAIR OR ALTERATION OF PARKING FACILITIES
Z2MA,REPAIR OR ALTERATION OF EPG FACILITIES - COAL
Z2MB,REPAIR OR ALTERATION OF EPG FACILITIES - GAS
Z2MC,REPAIR OR ALTERATION OF EPG FACILITIES - GEOTHERMAL
Z2MD,REPAIR OR ALTERATION OF EPG FACILITIES - HYDRO
Z2ME,REPAIR OR ALTERATION OF EPG FACILITIES - NUCLEAR
Z2MF,REPAIR OR ALTERATION OF EPG FACILITIES - PETROLEUM
Z2MG,REPAIR OR ALTERATION OF EPG FACILITIES - SOLAR
Z2MH,REPAIR OR ALTERATION OF EPG FACILITIES - WIND
Z2MZ,"REPAIR OR ALTERATION OF EPG FACILITIES - OTHER, INCLUDING TRANSMISSION"
Z2NA,REPAIR OR ALTERATION OF FUEL SUPPLY FACILITIES
Z2NB,REPAIR OR ALTERATION OF HEATING AND COOLING PLANTS
Z2NC,REPAIR OR ALTERATION OF POLLUTION ABATEMENT AND CONTROL FACILITIES
Z2ND,REPAIR OR ALTERATION OF SEWAGE AND WASTE FACILITIES
Z2NE,REPAIR OR ALTERATION OF WATER SUPPLY FACILITIES
Z2NZ,REPAIR OR ALTERATION OF OTHER UTILITIES
Z2PA,REPAIR OR ALTERATION OF RECREATION FACILITIES (NON-BUILDING)
Z2PB,REPAIR OR ALTERATION OF EXHIBIT DESIGN (NON-BUILDING)
Z2PC,REPAIR OR ALTERATION OF UNIMPROVED REAL PROPERTY (LAND)
Z2PD,REPAIR OR ALTERATION OF WASTE TREATMENT AND STORAGE FACILITIES
Z2PZ,REPAIR OR ALTERATION OF OTHER NON-BUILDING FACILITIES
Z2QA,REPAIR OR ALTERATION OF RESTORATION OF REAL PROPERTY (PUBLIC OR PRIVATE)
Z3,"MAINT, ALTER, REPAIR RESTOR ACVIVS"
